intern_id,task_completion_time_hours,feedback_rating,attendance_percentage,tasks_completed,tasks_assigned,performance_score,performance_category
INT-0001,45.66,7.12,79.93,21,21,88.85,Excel
INT-0002,29.52,6.18,78.01,21,21,100.0,Excel
INT-0003,51.01,6.62,87.91,24,25,86.8,Excel
INT-0004,53.29,8.09,86.27,10,11,80.69,Excel
INT-0005,18.59,7.2,71.36,18,18,92.68,Excel
INT-0006,26.37,7.68,94.1,16,17,100.0,Excel
INT-0007,43.53,8.14,83.15,9,9,81.26,Excel
INT-0008,38.21,6.68,74.0,21,23,87.1,Excel
INT-0009,41.8,8.26,94.7,16,17,86.72,Excel
INT-0010,31.76,7.73,89.63,21,23,100.0,Excel
INT-0011,52.55,5.47,72.62,25,28,79.41,Average
INT-0012,51.33,9.22,99.99,15,20,87.73,Excel
INT-0013,42.79,6.5,89.93,15,16,93.46,Excel
INT-0014,55.53,4.88,83.91,15,17,70.06,Average
INT-0015,47.61,5.74,98.31,20,23,93.35,Excel
INT-0016,31.69,5.77,85.43,16,17,87.13,Excel
INT-0017,46.43,7.27,83.75,13,15,92.39,Excel
INT-0018,30.49,6.82,78.06,22,23,98.74,Excel
INT-0019,52.54,6.73,89.24,18,20,81.95,Excel
INT-0020,41.4,8.07,88.29,9,9,85.75,Excel
INT-0021,39.78,7.68,84.13,12,12,92.68,Excel
INT-0022,33.83,7.64,76.89,24,27,95.41,Excel
INT-0023,56.67,7.77,85.17,17,22,83.72,Excel
INT-0024,40.15,8.06,83.37,14,14,97.69,Excel
INT-0025,36.86,4.25,72.0,16,20,74.35,Average
INT-0026,37.77,6.69,70.75,17,20,85.55,Excel
INT-0027,48.39,4.15,89.09,19,19,86.64,Excel
INT-0028,46.39,7.25,60.58,11,15,78.27,Average
INT-0029,46.95,7.19,85.85,13,16,84.19,Excel
INT-0030,47.17,8.66,79.7,17,22,87.89,Excel
INT-0031,67.7,8.86,95.77,14,18,76.88,Average
INT-0032,37.12,7.48,79.56,19,21,87.81,Excel
INT-0033,35.85,6.5,89.94,12,12,91.6,Excel
INT-0034,32.23,7.88,80.43,19,19,96.39,Excel
INT-0035,49.39,6.46,85.02,20,23,86.93,Excel
INT-0036,55.55,7.2,90.63,17,22,89.81,Excel
INT-0037,40.63,8.58,79.84,18,22,87.5,Excel
INT-0038,31.92,6.42,92.97,18,20,94.46,Excel
INT-0039,32.11,8.33,75.06,15,16,94.16,Excel
INT-0040,49.81,8.15,86.65,16,19,85.83,Excel
INT-0041,50.92,5.86,92.3,21,23,94.22,Excel
INT-0042,48.52,8.56,89.94,16,20,95.52,Excel
INT-0043,34.01,8.18,100.0,14,14,100.0,Excel
INT-0044,44.79,7.34,77.13,15,15,94.53,Excel
INT-0045,43.4,6.13,71.59,18,22,75.03,Average
INT-0046,44.62,6.0,75.05,16,18,81.42,Excel
INT-0047,52.46,6.45,89.94,18,20,87.59,Excel
INT-0048,44.68,7.96,88.48,19,23,88.9,Excel
INT-0049,50.15,5.86,84.92,20,25,85.16,Excel
INT-0050,42.81,7.81,73.89,23,23,87.77,Excel
INT-0051,45.47,5.46,90.9,20,23,90.45,Excel
INT-0052,49.58,6.91,72.98,12,14,83.17,Excel
INT-0053,24.51,7.35,94.43,15,16,100.0,Excel
INT-0054,38.16,10.0,100.0,17,21,95.78,Excel
INT-0055,36.36,5.27,87.3,15,17,81.92,Excel
INT-0056,34.33,9.26,89.25,13,15,100.0,Excel
INT-0057,38.7,7.41,79.56,15,17,88.96,Excel
INT-0058,59.94,7.78,67.71,13,19,61.56,Average
INT-0059,31.61,7.37,78.58,15,15,98.14,Excel
INT-0060,53.62,7.82,74.16,15,17,82.57,Excel
INT-0061,21.81,6.98,70.98,24,24,95.14,Excel
INT-0062,37.98,9.24,99.5,18,22,100.0,Excel
INT-0063,43.95,6.56,86.46,25,28,90.09,Excel
INT-0064,49.03,8.79,87.42,17,17,90.56,Excel
INT-0065,50.53,6.3,81.22,15,15,84.02,Excel
INT-0066,51.52,7.12,82.44,16,19,91.86,Excel
INT-0067,37.82,5.7,92.68,18,21,97.73,Excel
INT-0068,36.45,7.84,83.71,19,20,97.35,Excel
INT-0069,52.3,9.22,88.78,24,27,99.54,Excel
INT-0070,39.7,7.09,82.24,14,17,90.75,Excel
INT-0071,26.69,6.92,80.92,21,22,91.92,Excel
INT-0072,28.4,5.64,71.34,19,22,90.57,Excel
INT-0073,30.97,6.88,66.2,12,13,81.18,Excel
INT-0074,47.97,4.97,81.65,19,23,82.07,Excel
INT-0075,43.71,5.92,84.51,22,25,87.63,Excel
INT-0076,50.29,7.52,72.42,13,16,82.14,Excel
INT-0077,36.87,9.05,83.69,17,17,98.78,Excel
INT-0078,43.9,10.0,84.48,10,11,79.05,Average
INT-0079,49.51,6.38,64.6,11,11,75.62,Average
INT-0080,38.29,9.21,75.76,21,23,100.0,Excel
INT-0081,47.48,7.54,87.67,14,14,90.84,Excel
INT-0082,34.06,6.99,87.48,14,15,91.68,Excel
INT-0083,37.64,7.81,73.62,18,19,98.42,Excel
INT-0084,37.42,7.29,85.43,15,15,93.61,Excel
INT-0085,27.65,7.35,93.2,16,16,100.0,Excel
INT-0086,47.84,6.63,90.99,19,22,93.75,Excel
INT-0087,36.37,5.24,83.14,12,12,85.63,Excel
INT-0088,42.15,5.04,79.79,13,17,74.09,Average
INT-0089,47.77,8.11,78.34,17,21,76.28,Average
INT-0090,47.36,6.81,88.21,20,24,87.04,Excel
INT-0091,49.98,6.37,85.76,21,22,91.24,Excel
INT-0092,40.82,7.21,89.66,14,17,88.0,Excel
INT-0093,36.92,8.31,85.19,21,23,100.0,Excel
INT-0094,41.04,7.45,91.37,14,15,92.54,Excel
INT-0095,21.75,6.28,84.85,25,25,100.0,Excel
INT-0096,24.63,8.92,91.06,14,14,100.0,Excel
INT-0097,26.13,9.41,91.84,23,25,100.0,Excel
INT-0098,30.03,7.89,76.76,15,15,96.4,Excel
INT-0099,46.8,8.56,67.73,24,24,98.56,Excel
INT-0100,31.13,8.94,97.89,20,20,99.45,Excel
INT-0101,37.46,8.78,86.31,13,15,92.13,Excel
INT-0102,57.59,8.06,68.57,13,16,80.89,Excel
INT-0103,37.72,8.04,77.58,20,21,100.0,Excel
INT-0104,50.85,7.93,90.95,20,21,94.16,Excel
INT-0105,30.8,5.66,81.48,18,18,89.58,Excel
INT-0106,39.53,8.18,79.39,17,17,96.57,Excel
INT-0107,30.6,5.3,96.61,21,21,100.0,Excel
INT-0108,37.93,6.09,74.57,18,21,83.73,Excel
INT-0109,52.08,9.02,76.82,11,15,84.38,Excel
INT-0110,21.27,8.38,85.9,16,16,100.0,Excel
INT-0111,47.21,9.28,87.51,17,17,100.0,Excel
INT-0112,44.85,6.82,88.47,22,23,96.22,Excel
INT-0113,34.87,5.59,92.2,24,27,95.59,Excel
INT-0114,24.65,6.86,85.79,22,22,100.0,Excel
INT-0115,42.87,7.34,88.4,18,19,95.03,Excel
INT-0116,35.65,7.31,81.67,20,22,93.57,Excel
INT-0117,44.79,8.79,84.56,14,14,93.38,Excel
INT-0118,42.26,6.69,84.97,16,17,83.6,Excel
INT-0119,61.22,7.69,85.94,12,15,85.45,Excel
INT-0120,39.13,5.82,90.95,12,13,81.26,Excel
INT-0121,29.72,7.83,89.0,19,21,97.94,Excel
INT-0122,44.15,7.2,84.4,18,20,90.18,Excel
INT-0123,44.64,6.15,76.72,20,20,95.13,Excel
INT-0124,58.31,6.87,84.61,17,18,80.79,Excel
INT-0125,52.02,6.94,83.75,17,19,81.76,Excel
INT-0126,46.28,6.82,85.74,18,23,84.54,Excel
INT-0127,59.56,9.68,100.0,15,16,100.0,Excel
INT-0128,27.73,7.06,79.29,20,20,84.13,Excel
INT-0129,34.32,6.86,87.8,15,17,87.39,Excel
INT-0130,30.88,4.26,93.62,19,19,100.0,Excel
INT-0131,37.32,5.95,84.88,20,20,94.09,Excel
INT-0132,25.48,6.83,100.0,15,15,95.88,Excel
INT-0133,49.62,6.24,80.6,16,19,81.29,Excel
INT-0134,39.33,9.13,86.92,15,17,96.4,Excel
INT-0135,24.35,6.97,76.81,17,17,98.96,Excel
INT-0136,29.81,9.0,80.84,14,14,100.0,Excel
INT-0137,45.76,7.29,86.24,21,24,93.38,Excel
INT-0138,52.06,7.25,91.62,20,25,86.89,Excel
INT-0139,65.96,7.08,86.87,16,19,82.72,Excel
INT-0140,76.97,7.21,95.33,21,26,77.57,Average
INT-0141,46.97,9.61,83.15,15,15,89.5,Excel
INT-0142,30.13,3.95,81.01,25,28,81.61,Excel
INT-0143,16.42,4.4,100.0,18,18,92.52,Excel
INT-0144,45.21,6.44,87.55,17,18,83.91,Excel
INT-0145,32.24,7.22,77.52,16,18,85.74,Excel
INT-0146,37.02,8.17,77.75,18,18,95.68,Excel
INT-0147,34.65,7.86,75.52,21,24,88.92,Excel
INT-0148,40.31,6.66,92.43,17,18,78.16,Average
INT-0149,54.79,8.63,80.72,23,25,86.9,Excel
INT-0150,43.88,8.64,85.15,18,20,92.16,Excel
INT-0151,40.1,7.46,83.43,18,20,89.13,Excel
INT-0152,29.57,8.55,90.58,14,14,100.0,Excel
INT-0153,21.9,7.58,76.38,21,23,96.78,Excel
INT-0154,36.16,6.41,74.32,16,20,89.04,Excel
INT-0155,41.35,8.18,86.02,15,15,93.26,Excel
INT-0156,63.22,7.35,89.41,12,17,77.85,Average
INT-0157,43.56,7.2,86.99,25,26,92.27,Excel
INT-0158,53.79,9.26,76.71,15,20,85.34,Excel
INT-0159,36.01,3.77,90.1,11,11,78.15,Average
INT-0160,27.78,5.22,77.31,15,15,88.26,Excel
INT-0161,30.42,5.54,79.31,18,20,87.89,Excel
INT-0162,33.3,6.69,75.5,20,22,86.93,Excel
INT-0163,67.54,6.84,95.71,16,18,85.77,Excel
INT-0164,32.14,5.09,89.7,21,22,94.87,Excel
INT-0165,52.06,5.82,89.44,13,15,78.53,Average
INT-0166,31.16,5.99,95.22,19,20,97.18,Excel
INT-0167,53.18,10.0,100.0,12,15,94.09,Excel
INT-0168,46.62,9.72,68.62,14,19,82.51,Excel
INT-0169,40.12,6.62,77.35,13,17,83.07,Excel
INT-0170,41.51,6.69,78.45,12,14,80.22,Excel
INT-0171,34.14,5.59,76.34,22,24,85.05,Excel
INT-0172,47.35,4.53,74.3,19,24,69.47,Average
INT-0173,36.54,7.04,81.3,21,21,92.74,Excel
INT-0174,27.29,5.8,73.05,18,20,91.45,Excel
INT-0175,26.66,7.08,87.02,21,23,96.58,Excel
INT-0176,44.07,4.96,84.47,10,10,90.43,Excel
INT-0177,60.95,6.13,88.33,18,24,83.41,Excel
INT-0178,43.92,7.41,88.57,18,21,97.29,Excel
INT-0179,40.58,7.71,89.43,20,21,99.83,Excel
INT-0180,45.43,7.78,80.64,18,20,97.95,Excel
INT-0181,57.67,5.35,100.0,11,14,74.76,Average
INT-0182,44.63,8.4,86.11,11,15,75.84,Average
INT-0183,37.07,6.08,67.24,14,18,77.79,Average
INT-0184,55.28,8.09,74.98,17,22,85.02,Excel
INT-0185,47.15,7.19,68.34,19,22,83.94,Excel
INT-0186,60.43,5.27,84.16,10,11,73.36,Average
INT-0187,44.2,6.76,82.9,13,17,89.26,Excel
INT-0188,27.31,7.71,79.78,15,15,97.49,Excel
INT-0189,25.58,8.06,100.0,17,17,100.0,Excel
INT-0190,61.81,7.0,88.94,10,11,73.95,Average
INT-0191,62.68,9.34,90.53,9,15,76.47,Average
INT-0192,39.85,8.61,75.62,14,15,97.64,Excel
INT-0193,37.4,6.84,75.01,17,17,89.14,Excel
INT-0194,59.54,8.25,84.33,10,11,78.38,Average
INT-0195,28.72,9.91,85.56,18,18,100.0,Excel
INT-0196,31.26,9.94,67.29,22,24,97.13,Excel
INT-0197,49.72,5.48,82.38,11,16,71.85,Average
INT-0198,37.26,5.9,84.13,16,18,81.58,Excel
INT-0199,41.94,9.28,82.06,21,23,91.22,Excel
INT-0200,40.04,5.72,76.68,15,19,80.61,Excel
INT-0201,46.05,5.35,79.14,14,19,74.88,Average
INT-0202,58.89,6.52,82.41,20,22,87.26,Excel
INT-0203,43.09,7.79,84.82,16,20,91.05,Excel
INT-0204,49.73,7.06,89.44,20,23,90.88,Excel
INT-0205,17.4,6.29,93.73,21,23,100.0,Excel
INT-0206,41.42,6.26,81.35,16,16,86.26,Excel
INT-0207,31.88,6.2,79.89,20,20,94.39,Excel
INT-0208,27.37,5.97,87.94,19,22,97.92,Excel
INT-0209,31.46,10.0,89.5,22,24,100.0,Excel
INT-0210,37.99,7.62,80.09,15,15,95.97,Excel
INT-0211,52.99,8.44,91.11,16,21,89.26,Excel
INT-0212,26.08,6.52,92.82,18,18,100.0,Excel
INT-0213,42.37,6.94,95.63,20,23,92.33,Excel
INT-0214,36.19,6.2,100.0,13,13,85.08,Excel
INT-0215,38.07,3.49,76.2,21,21,82.89,Excel
INT-0216,54.03,5.27,84.13,18,22,82.34,Excel
INT-0217,48.46,4.67,84.1,11,16,76.39,Average
INT-0218,58.05,4.05,83.12,20,21,78.05,Average
INT-0219,40.15,5.53,78.16,25,25,88.42,Excel
INT-0220,33.65,9.05,70.63,22,23,94.38,Excel
INT-0221,39.31,7.14,84.83,23,23,98.46,Excel
INT-0222,44.91,9.01,77.08,17,20,92.94,Excel
INT-0223,44.12,7.78,84.77,10,14,81.96,Excel
INT-0224,28.99,8.3,76.85,11,13,96.62,Excel
INT-0225,43.09,5.94,74.1,18,18,80.05,Excel
INT-0226,44.74,7.93,86.11,15,15,88.62,Excel
INT-0227,72.21,8.22,85.36,10,16,80.65,Excel
INT-0228,64.52,6.39,89.21,15,16,82.81,Excel
INT-0229,31.76,7.98,100.0,20,21,100.0,Excel
INT-0230,38.55,7.99,86.5,11,12,92.01,Excel
INT-0231,24.44,6.43,88.37,17,18,97.62,Excel
INT-0232,34.91,5.63,74.3,24,24,78.17,Average
INT-0233,45.79,5.54,72.42,12,16,70.68,Average
INT-0234,56.47,7.32,98.25,18,23,88.21,Excel
INT-0235,33.25,7.66,75.69,16,16,90.77,Excel
INT-0236,34.15,6.09,74.6,20,20,90.8,Excel
INT-0237,16.23,7.24,83.65,23,23,100.0,Excel
INT-0238,40.05,8.0,83.19,20,21,93.74,Excel
INT-0239,29.25,8.07,75.88,22,22,94.44,Excel
INT-0240,35.65,9.37,81.26,12,12,97.1,Excel
INT-0241,31.48,8.99,95.06,22,23,100.0,Excel
INT-0242,40.87,5.8,76.75,14,16,80.89,Excel
INT-0243,20.91,9.56,71.46,20,20,100.0,Excel
INT-0244,24.4,6.46,92.48,20,20,100.0,Excel
INT-0245,67.55,8.66,88.43,16,18,74.02,Average
INT-0246,26.55,7.3,78.42,19,21,94.32,Excel
INT-0247,28.84,6.62,69.76,15,15,88.55,Excel
INT-0248,64.04,4.67,77.3,10,11,63.0,Average
INT-0249,76.86,6.96,83.51,16,20,76.74,Average
INT-0250,27.94,5.02,94.49,19,22,97.59,Excel
INT-0251,37.58,8.55,74.67,22,22,96.5,Excel
INT-0252,46.1,9.32,83.24,16,20,91.16,Excel
INT-0253,62.74,6.08,90.08,9,12,72.76,Average
INT-0254,30.16,7.62,62.57,22,22,92.54,Excel
INT-0255,39.06,6.18,93.3,16,16,91.3,Excel
INT-0256,51.33,6.32,73.36,17,17,79.92,Average
INT-0257,47.22,8.28,86.99,13,17,89.0,Excel
INT-0258,37.49,7.15,86.22,24,25,100.0,Excel
INT-0259,40.39,9.64,93.76,13,14,93.06,Excel
INT-0260,25.5,6.52,88.96,17,17,92.78,Excel
INT-0261,39.14,8.6,62.6,17,20,79.46,Average
INT-0262,38.8,7.34,76.94,13,13,91.49,Excel
INT-0263,44.79,8.31,85.24,18,20,94.11,Excel
INT-0264,35.34,6.57,82.25,23,27,95.93,Excel
INT-0265,47.66,7.13,88.3,14,18,79.13,Average
INT-0266,54.15,7.04,91.1,18,21,94.95,Excel
INT-0267,43.87,6.03,89.48,6,10,74.64,Average
INT-0268,46.22,8.13,82.07,16,17,90.63,Excel
INT-0269,42.64,8.11,67.38,16,20,88.77,Excel
INT-0270,42.0,8.03,79.9,14,16,84.22,Excel
INT-0271,33.34,9.35,87.75,22,22,100.0,Excel
INT-0272,45.8,9.23,74.19,15,16,90.68,Excel
INT-0273,40.83,6.68,89.68,16,19,100.0,Excel
INT-0274,67.12,7.72,92.18,12,19,79.02,Average
INT-0275,60.88,6.33,85.14,7,12,77.34,Average
INT-0276,46.63,7.23,56.43,11,11,81.15,Excel
INT-0277,32.84,6.36,72.5,22,22,93.26,Excel
INT-0278,28.65,9.47,100.0,10,12,97.81,Excel
INT-0279,56.29,7.71,79.08,12,15,84.17,Excel
INT-0280,45.15,6.89,66.14,14,18,71.66,Average
INT-0281,47.76,8.87,95.12,23,27,100.0,Excel
INT-0282,21.06,4.16,84.12,22,22,95.02,Excel
INT-0283,53.13,4.38,93.94,14,17,65.74,Average
INT-0284,47.45,8.31,86.49,21,22,93.25,Excel
INT-0285,28.67,7.28,88.13,15,15,99.74,Excel
INT-0286,36.34,7.55,87.27,21,22,96.43,Excel
INT-0287,45.16,5.34,90.28,11,15,82.92,Excel
INT-0288,42.63,7.17,100.0,21,25,93.11,Excel
INT-0289,38.49,10.0,92.74,15,16,95.61,Excel
INT-0290,40.76,8.35,69.78,13,15,85.63,Excel
INT-0291,38.98,7.44,88.02,16,18,92.56,Excel
INT-0292,43.83,6.59,94.27,18,20,89.87,Excel
INT-0293,59.66,6.65,94.82,13,17,86.08,Excel
INT-0294,15.0,4.22,80.16,22,22,91.66,Excel
INT-0295,39.16,7.56,94.48,15,19,94.66,Excel
INT-0296,44.12,8.38,92.35,19,22,96.47,Excel
INT-0297,45.55,4.99,100.0,18,18,82.05,Excel
INT-0298,37.54,6.27,77.25,17,18,81.25,Excel
INT-0299,20.92,5.58,79.43,17,17,93.51,Excel
INT-0300,45.94,5.85,81.24,17,20,91.76,Excel
INT-0301,62.73,7.27,79.59,17,21,81.56,Excel
INT-0302,23.59,4.28,75.99,25,28,83.76,Excel
INT-0303,52.37,8.06,59.14,20,22,67.58,Average
INT-0304,38.06,8.26,80.09,21,21,100.0,Excel
INT-0305,41.26,6.85,87.32,25,27,95.3,Excel
INT-0306,29.37,3.73,79.56,20,23,90.36,Excel
INT-0307,37.99,5.81,100.0,19,19,91.27,Excel
INT-0308,57.6,8.93,84.12,18,19,91.04,Excel
INT-0309,48.99,3.31,95.62,12,17,78.2,Average
INT-0310,62.79,6.71,86.35,13,15,75.56,Average
INT-0311,56.13,5.55,91.44,13,17,75.78,Average
INT-0312,47.27,8.33,86.51,19,23,92.43,Excel
INT-0313,62.93,6.25,96.32,14,16,82.75,Excel
INT-0314,47.27,7.77,84.5,17,19,89.33,Excel
INT-0315,51.94,7.99,88.47,20,21,96.35,Excel
INT-0316,38.44,9.77,87.3,20,20,100.0,Excel
INT-0317,42.8,6.92,81.41,16,16,82.18,Excel
INT-0318,33.63,7.73,87.64,15,15,100.0,Excel
INT-0319,53.88,5.12,100.0,21,23,84.28,Excel
INT-0320,27.86,8.87,81.57,21,22,100.0,Excel
INT-0321,51.39,6.14,87.78,10,10,80.26,Excel
INT-0322,39.71,6.41,95.32,16,20,91.04,Excel
INT-0323,56.05,7.17,94.26,16,21,83.57,Excel
INT-0324,51.01,5.01,84.11,19,19,81.98,Excel
INT-0325,63.85,7.52,62.55,19,25,74.03,Average
INT-0326,50.77,8.55,88.65,17,17,93.46,Excel
INT-0327,23.14,7.61,64.02,21,21,85.16,Excel
INT-0328,41.2,4.98,97.23,17,18,97.14,Excel
INT-0329,27.94,7.03,85.53,15,16,94.19,Excel
INT-0330,35.78,8.24,93.0,16,20,99.5,Excel
INT-0331,60.13,4.57,75.88,15,21,62.49,Average
INT-0332,49.65,5.7,70.03,16,17,75.16,Average
INT-0333,33.61,8.43,86.35,10,11,90.24,Excel
INT-0334,29.84,7.58,83.7,16,19,100.0,Excel
INT-0335,42.39,7.78,79.58,17,20,86.72,Excel
INT-0336,27.4,9.8,84.76,17,20,100.0,Excel
INT-0337,33.95,7.86,100.0,17,17,98.65,Excel
INT-0338,45.74,8.12,91.51,18,19,92.59,Excel
INT-0339,55.86,10.0,93.45,11,15,88.69,Excel
INT-0340,49.31,6.9,91.6,9,13,87.0,Excel
INT-0341,15.0,6.08,97.32,19,20,95.77,Excel
INT-0342,45.65,7.8,82.29,19,23,84.11,Excel
INT-0343,42.86,7.81,65.51,24,27,80.66,Excel
INT-0344,46.97,6.46,82.3,19,22,81.09,Excel
INT-0345,61.39,5.75,91.31,9,11,70.33,Average
INT-0346,17.24,10.0,75.27,18,18,99.79,Excel
INT-0347,34.91,7.66,82.41,19,19,92.61,Excel
INT-0348,49.09,6.17,77.77,17,21,71.81,Average
INT-0349,23.02,8.48,97.52,21,21,100.0,Excel
INT-0350,59.71,7.05,90.75,11,16,83.64,Excel
INT-0351,46.42,6.85,89.86,16,16,91.13,Excel
INT-0352,52.16,7.99,89.59,18,22,90.44,Excel
INT-0353,35.15,5.39,83.66,20,22,84.9,Excel
INT-0354,51.77,7.69,85.78,13,18,76.49,Average
INT-0355,54.82,9.88,73.33,15,17,82.0,Excel
INT-0356,44.79,7.85,64.32,6,7,76.11,Average
INT-0357,44.81,6.67,85.35,15,15,91.21,Excel
INT-0358,45.24,6.49,86.92,14,18,88.31,Excel
INT-0359,31.64,6.63,94.88,14,16,96.87,Excel
INT-0360,40.23,6.84,98.14,18,22,90.88,Excel
INT-0361,40.17,6.67,98.13,17,17,95.0,Excel
INT-0362,46.6,8.48,75.02,7,8,80.39,Excel
INT-0363,54.0,4.77,80.83,17,22,74.52,Average
INT-0364,29.3,8.41,88.32,14,14,100.0,Excel
INT-0365,40.5,6.67,100.0,19,21,87.8,Excel
INT-0366,59.78,7.73,97.32,10,13,81.53,Excel
INT-0367,33.08,5.62,94.07,18,21,98.12,Excel
INT-0368,32.13,9.06,80.51,17,20,91.11,Excel
INT-0369,44.43,8.94,76.05,18,22,88.12,Excel
INT-0370,52.13,8.54,91.1,16,17,89.29,Excel
INT-0371,42.14,5.08,74.09,16,18,78.51,Average
INT-0372,57.95,8.36,81.85,9,14,70.84,Average
INT-0373,52.28,7.77,82.97,10,15,82.62,Excel
INT-0374,52.1,4.95,98.34,14,14,86.01,Excel
INT-0375,48.65,7.17,80.81,16,21,86.13,Excel
INT-0376,69.93,7.71,62.05,12,16,63.47,Average
INT-0377,39.54,7.98,88.54,20,20,98.02,Excel
INT-0378,17.96,7.45,77.71,18,18,96.13,Excel
INT-0379,61.25,7.61,84.38,11,16,75.56,Average
INT-0380,36.51,9.26,83.22,16,16,100.0,Excel
INT-0381,43.29,8.92,81.54,18,18,95.53,Excel
INT-0382,57.71,3.19,91.11,16,22,66.31,Average
INT-0383,22.77,6.76,70.2,25,29,97.58,Excel
INT-0384,26.98,6.97,79.35,15,15,87.52,Excel
INT-0385,22.78,4.75,90.16,19,21,88.85,Excel
INT-0386,32.47,7.33,78.47,20,23,89.32,Excel
INT-0387,47.28,8.95,69.52,16,21,83.75,Excel
INT-0388,48.29,5.68,90.02,14,15,87.44,Excel
INT-0389,45.32,7.67,94.11,10,13,90.01,Excel
INT-0390,25.05,5.92,83.6,16,19,94.24,Excel
INT-0391,15.0,6.26,66.35,16,17,87.28,Excel
INT-0392,42.65,9.27,90.35,10,12,90.08,Excel
INT-0393,36.34,6.44,69.06,14,14,85.22,Excel
INT-0394,47.51,7.85,86.78,12,12,85.28,Excel
INT-0395,50.42,4.58,76.01,18,19,75.87,Average
INT-0396,43.66,9.81,73.56,19,19,97.45,Excel
INT-0397,51.12,8.04,80.02,12,13,82.52,Excel
INT-0398,44.75,6.94,82.35,16,16,88.76,Excel
INT-0399,48.36,8.01,78.2,9,13,87.43,Excel
INT-0400,33.54,5.23,89.3,16,17,88.47,Excel
INT-0401,39.84,8.86,79.99,19,21,100.0,Excel
INT-0402,44.36,6.75,92.82,20,23,94.71,Excel
INT-0403,51.85,6.91,86.53,13,15,76.21,Average
INT-0404,37.28,6.51,77.72,21,22,85.89,Excel
INT-0405,48.25,6.39,76.21,10,11,74.01,Average
INT-0406,38.81,8.17,69.17,12,13,82.1,Excel
INT-0407,40.59,7.56,86.62,20,20,94.91,Excel
INT-0408,51.95,8.11,80.81,23,26,93.74,Excel
INT-0409,18.08,7.19,62.65,21,23,100.0,Excel
INT-0410,26.44,7.92,79.18,18,19,99.34,Excel
INT-0411,24.21,6.61,75.89,10,10,87.31,Excel
INT-0412,15.0,10.0,98.18,12,12,100.0,Excel
INT-0413,33.86,5.0,68.67,19,21,83.36,Excel
INT-0414,50.99,8.97,71.03,15,17,85.42,Excel
INT-0415,38.58,9.12,93.99,13,13,99.46,Excel
INT-0416,44.37,6.01,96.21,17,20,98.52,Excel
INT-0417,55.07,10.0,77.3,15,17,94.31,Excel
INT-0418,57.93,8.59,78.31,19,25,88.7,Excel
INT-0419,41.17,8.56,89.55,18,18,93.35,Excel
INT-0420,58.24,7.24,63.06,20,23,75.36,Average
INT-0421,43.11,6.9,67.25,17,20,81.88,Excel
INT-0422,31.95,6.91,81.47,18,18,90.52,Excel
INT-0423,34.87,7.75,97.95,22,22,100.0,Excel
INT-0424,24.23,9.16,80.08,15,15,100.0,Excel
INT-0425,31.34,7.45,84.91,25,27,95.93,Excel
INT-0426,37.7,5.92,94.2,19,21,98.16,Excel
INT-0427,51.64,8.35,100.0,18,19,96.17,Excel
INT-0428,62.65,8.49,78.81,17,20,74.87,Average
INT-0429,25.41,8.12,83.85,25,28,100.0,Excel
INT-0430,46.71,8.24,100.0,19,24,97.82,Excel
INT-0431,29.51,6.82,70.3,12,12,91.46,Excel
INT-0432,47.7,5.9,93.25,22,25,88.36,Excel
INT-0433,40.43,5.98,74.84,16,16,87.95,Excel
INT-0434,20.03,4.91,84.92,19,19,95.89,Excel
INT-0435,53.14,7.53,81.82,11,16,73.45,Average
INT-0436,34.74,7.08,75.38,20,22,85.3,Excel
INT-0437,35.59,6.58,75.15,14,14,91.85,Excel
INT-0438,29.16,3.06,86.49,18,18,91.12,Excel
INT-0439,34.15,5.45,92.96,17,19,92.53,Excel
INT-0440,47.13,8.77,82.83,24,28,100.0,Excel
INT-0441,39.73,6.27,84.63,25,25,99.27,Excel
INT-0442,45.94,7.7,89.14,16,16,94.83,Excel
INT-0443,46.34,5.25,75.26,16,18,74.54,Average
INT-0444,57.85,9.21,90.66,14,18,95.92,Excel
INT-0445,37.89,7.0,91.37,21,22,99.06,Excel
INT-0446,24.28,7.61,100.0,18,20,100.0,Excel
INT-0447,54.81,10.0,80.62,14,18,85.26,Excel
INT-0448,38.02,9.32,79.88,21,24,99.78,Excel
INT-0449,55.38,6.77,90.92,13,14,75.51,Average
INT-0450,46.6,6.37,91.37,16,21,89.13,Excel
INT-0451,40.43,6.74,79.18,11,14,78.22,Average
INT-0452,46.19,7.91,80.37,19,21,91.94,Excel
INT-0453,65.41,7.05,88.87,22,27,81.3,Excel
INT-0454,66.92,6.65,76.55,17,23,72.45,Average
INT-0455,42.83,9.25,80.31,23,27,94.21,Excel
INT-0456,43.92,7.04,84.81,14,16,85.93,Excel
INT-0457,54.91,10.0,92.96,17,17,100.0,Excel
INT-0458,31.85,7.33,78.56,14,15,97.25,Excel
INT-0459,46.0,9.7,67.42,15,19,88.97,Excel
INT-0460,41.69,7.7,66.75,20,20,88.4,Excel
INT-0461,45.77,8.55,72.67,16,20,90.47,Excel
INT-0462,32.0,6.19,72.18,12,12,89.92,Excel
INT-0463,22.93,6.0,82.61,14,16,87.99,Excel
INT-0464,17.12,7.84,73.3,13,13,96.58,Excel
INT-0465,28.59,8.58,77.68,20,20,92.1,Excel
INT-0466,36.5,7.26,77.03,25,25,100.0,Excel
INT-0467,38.48,5.4,80.04,22,22,98.3,Excel
INT-0468,65.25,5.3,95.9,6,12,67.82,Average
INT-0469,55.27,5.2,89.96,21,24,73.29,Average
INT-0470,30.45,4.73,84.15,22,25,93.36,Excel
INT-0471,46.17,7.35,79.85,10,11,78.6,Average
INT-0472,37.12,8.78,80.1,16,20,90.51,Excel
INT-0473,38.59,7.18,86.95,21,25,97.05,Excel
INT-0474,44.22,4.04,89.26,19,19,84.97,Excel
INT-0475,49.43,6.93,75.83,11,14,75.94,Average
INT-0476,37.93,6.97,84.33,19,23,88.65,Excel
INT-0477,54.77,10.0,65.72,7,8,80.21,Excel
INT-0478,28.3,5.16,85.91,17,17,89.49,Excel
INT-0479,42.08,6.65,90.86,22,26,88.28,Excel
INT-0480,73.17,9.59,81.48,14,18,78.16,Average
INT-0481,44.68,7.83,100.0,15,15,97.22,Excel
INT-0482,59.2,7.99,76.07,19,25,81.32,Excel
INT-0483,43.1,7.36,85.96,21,24,86.51,Excel
INT-0484,48.97,7.66,83.68,21,21,96.2,Excel
INT-0485,41.32,8.29,83.1,20,20,83.61,Excel
INT-0486,39.96,6.07,82.97,21,21,88.66,Excel
INT-0487,32.65,8.43,84.96,21,24,97.23,Excel
INT-0488,47.16,5.28,91.63,17,17,86.37,Excel
INT-0489,31.78,7.66,96.4,18,20,100.0,Excel
INT-0490,49.99,7.45,83.98,15,18,90.32,Excel
INT-0491,55.02,6.34,91.34,10,14,74.76,Average
INT-0492,46.4,7.17,77.68,12,16,83.65,Excel
INT-0493,38.57,6.33,90.89,16,20,90.34,Excel
INT-0494,47.45,5.7,77.14,17,17,74.18,Average
INT-0495,38.3,6.7,93.82,23,23,100.0,Excel
INT-0496,53.23,5.65,100.0,16,16,79.97,Average
INT-0497,20.02,7.65,82.9,23,24,100.0,Excel
INT-0498,37.97,5.59,64.27,21,23,84.65,Excel
INT-0499,18.11,8.2,79.07,18,18,100.0,Excel
INT-0500,24.06,5.55,95.09,21,21,97.73,Excel
INT-0501,58.37,6.41,88.98,14,18,82.92,Excel
INT-0502,52.74,6.33,86.24,21,25,78.54,Average
INT-0503,33.37,9.06,93.08,21,21,100.0,Excel
INT-0504,23.97,7.66,88.36,14,16,95.51,Excel
INT-0505,15.0,6.9,94.96,21,22,100.0,Excel
INT-0506,35.48,7.9,92.27,24,27,100.0,Excel
INT-0507,71.04,4.25,97.7,13,17,74.65,Average
INT-0508,47.22,7.14,87.23,18,23,86.51,Excel
INT-0509,35.29,10.0,92.15,19,22,100.0,Excel
INT-0510,47.58,7.39,81.24,12,15,83.08,Excel
INT-0511,23.27,7.3,78.59,21,21,95.74,Excel
INT-0512,38.43,7.97,99.36,11,14,92.59,Excel
INT-0513,43.19,8.45,85.95,14,16,90.1,Excel
INT-0514,40.97,4.4,91.24,21,21,85.1,Excel
INT-0515,51.49,4.84,85.11,17,22,80.07,Excel
INT-0516,46.14,7.49,78.72,15,15,87.93,Excel
INT-0517,50.02,6.2,84.1,18,22,76.29,Average
INT-0518,33.74,9.04,96.92,18,19,96.73,Excel
INT-0519,52.77,6.76,89.0,16,19,86.43,Excel
INT-0520,61.55,4.49,68.6,18,19,66.0,Average
INT-0521,30.36,5.42,82.06,15,15,89.99,Excel
INT-0522,31.35,3.35,100.0,18,21,92.34,Excel
INT-0523,58.03,6.87,82.08,14,16,73.59,Average
INT-0524,39.7,6.94,67.8,11,14,73.15,Average
INT-0525,58.85,6.61,100.0,11,17,87.6,Excel
INT-0526,36.69,8.71,90.14,23,27,100.0,Excel
INT-0527,59.46,8.88,83.37,17,21,84.38,Excel
INT-0528,43.58,6.96,80.66,12,12,80.91,Excel
INT-0529,45.1,4.21,93.74,10,14,74.49,Average
INT-0530,60.78,8.06,79.12,15,18,75.49,Average
INT-0531,37.66,7.98,94.33,23,25,100.0,Excel
INT-0532,30.71,7.63,88.88,17,19,93.96,Excel
INT-0533,36.62,8.57,86.2,22,25,100.0,Excel
INT-0534,47.43,5.57,85.31,17,18,81.93,Excel
INT-0535,23.21,10.0,82.43,21,22,100.0,Excel
INT-0536,49.65,5.86,93.41,11,14,78.98,Average
INT-0537,35.53,8.25,76.21,21,25,83.15,Excel
INT-0538,55.77,4.84,69.4,14,18,68.54,Average
INT-0539,15.0,5.9,89.53,23,24,100.0,Excel
INT-0540,32.56,9.32,89.68,15,18,100.0,Excel
INT-0541,21.76,6.83,88.32,20,22,92.31,Excel
INT-0542,32.09,8.38,87.67,19,21,100.0,Excel
INT-0543,44.97,7.53,81.12,16,18,91.51,Excel
INT-0544,39.85,7.05,91.09,19,19,100.0,Excel
INT-0545,38.96,9.11,83.59,16,17,96.05,Excel
INT-0546,40.09,6.87,79.62,14,15,91.15,Excel
INT-0547,44.44,4.71,81.19,23,26,77.77,Average
INT-0548,29.9,6.08,100.0,22,23,100.0,Excel
INT-0549,50.48,7.97,68.39,13,15,76.81,Average
INT-0550,49.95,7.75,88.5,18,18,83.86,Excel
INT-0551,46.62,5.01,68.89,13,17,67.4,Average
INT-0552,48.68,6.19,83.03,11,13,79.36,Average
INT-0553,45.56,6.39,80.1,20,20,83.91,Excel
INT-0554,66.42,6.69,65.23,7,10,64.92,Average
INT-0555,40.95,5.27,87.5,21,25,79.76,Average
INT-0556,38.32,6.32,80.58,16,16,78.46,Average
INT-0557,32.96,6.18,65.11,17,17,91.44,Excel
INT-0558,29.61,8.28,91.56,20,21,100.0,Excel
INT-0559,27.07,8.33,96.92,20,20,100.0,Excel
INT-0560,31.33,7.0,97.41,15,15,97.98,Excel
INT-0561,41.15,6.65,87.23,20,24,95.58,Excel
INT-0562,46.01,7.4,84.41,16,19,89.53,Excel
INT-0563,42.61,6.06,95.95,12,12,88.76,Excel
INT-0564,32.81,5.59,99.14,17,17,100.0,Excel
INT-0565,52.8,5.88,94.2,22,24,85.09,Excel
INT-0566,50.87,6.31,75.53,23,27,84.22,Excel
INT-0567,40.08,5.57,85.81,20,23,88.11,Excel
INT-0568,34.17,7.43,87.96,13,13,92.32,Excel
INT-0569,48.58,8.22,67.71,18,22,82.59,Excel
INT-0570,44.26,4.98,88.22,20,24,85.51,Excel
INT-0571,24.62,7.24,100.0,22,22,100.0,Excel
INT-0572,41.18,6.89,89.76,20,20,89.49,Excel
INT-0573,45.14,7.68,97.26,17,22,96.76,Excel
INT-0574,31.2,7.18,85.65,18,19,91.62,Excel
INT-0575,44.28,5.16,83.34,15,18,79.82,Average
INT-0576,24.54,5.43,87.43,11,11,88.99,Excel
INT-0577,58.03,7.24,76.66,16,18,81.59,Excel
INT-0578,56.98,8.64,75.33,16,18,74.49,Average
INT-0579,38.97,4.1,95.4,19,19,92.32,Excel
INT-0580,46.36,7.68,96.35,11,13,86.14,Excel
INT-0581,15.0,8.87,75.08,23,23,100.0,Excel
INT-0582,28.12,6.99,92.71,25,29,100.0,Excel
INT-0583,38.47,7.97,83.22,17,19,93.03,Excel
INT-0584,29.13,6.22,87.06,18,21,100.0,Excel
INT-0585,50.57,7.03,88.14,17,20,85.43,Excel
INT-0586,65.97,4.93,92.95,22,25,84.87,Excel
INT-0587,27.88,3.92,84.74,14,15,85.07,Excel
INT-0588,31.95,8.52,96.69,19,19,100.0,Excel
INT-0589,44.83,5.82,86.78,14,17,83.21,Excel
INT-0590,61.33,6.56,89.62,13,18,81.23,Excel
INT-0591,27.33,5.26,76.5,18,18,86.4,Excel
INT-0592,44.99,5.23,100.0,22,24,87.3,Excel
INT-0593,63.86,6.96,88.23,22,26,81.24,Excel
INT-0594,22.18,6.18,90.42,21,21,100.0,Excel
INT-0595,26.63,7.73,69.53,16,16,92.28,Excel
INT-0596,36.92,7.83,76.6,25,29,99.32,Excel
INT-0597,35.75,7.65,95.14,15,15,100.0,Excel
INT-0598,51.75,7.53,86.58,14,17,80.5,Excel
INT-0599,44.9,9.41,66.78,10,10,82.33,Excel
INT-0600,20.7,5.71,93.34,25,25,97.38,Excel
INT-0601,48.18,7.12,79.11,20,20,97.45,Excel
INT-0602,35.07,8.79,96.7,25,27,100.0,Excel
INT-0603,57.29,8.97,83.21,9,13,83.17,Excel
INT-0604,34.47,5.21,85.84,24,24,87.39,Excel
INT-0605,34.36,6.76,94.61,18,19,96.52,Excel
INT-0606,48.49,9.1,75.92,19,20,93.98,Excel
INT-0607,51.16,7.91,75.06,9,11,77.87,Average
INT-0608,47.38,7.47,82.23,22,26,95.34,Excel
INT-0609,21.77,6.9,91.44,22,22,100.0,Excel
INT-0610,48.46,6.66,72.02,16,16,77.6,Average
INT-0611,29.59,7.6,68.99,21,24,88.88,Excel
INT-0612,44.82,6.85,91.41,14,17,83.5,Excel
INT-0613,24.92,7.14,78.57,17,18,100.0,Excel
INT-0614,47.36,7.31,80.47,14,18,88.24,Excel
INT-0615,32.32,6.25,67.29,11,13,80.43,Excel
INT-0616,26.61,7.94,77.89,21,23,99.29,Excel
INT-0617,50.57,10.0,83.93,21,24,93.02,Excel
INT-0618,44.9,4.71,92.37,14,14,87.32,Excel
INT-0619,34.63,7.65,77.06,19,20,91.99,Excel
INT-0620,59.41,6.14,98.92,14,16,81.15,Excel
INT-0621,36.71,8.01,77.84,18,21,95.28,Excel
INT-0622,42.39,7.27,77.85,14,15,85.32,Excel
INT-0623,45.23,8.27,97.84,12,17,90.04,Excel
INT-0624,34.56,8.85,85.9,22,23,100.0,Excel
INT-0625,47.65,7.47,79.03,16,19,88.92,Excel
INT-0626,35.6,8.78,82.6,25,29,100.0,Excel
INT-0627,37.06,3.92,96.18,17,18,89.63,Excel
INT-0628,58.35,9.43,97.2,11,14,92.5,Excel
INT-0629,29.51,7.73,76.65,23,23,98.12,Excel
INT-0630,15.0,8.71,83.62,23,24,100.0,Excel
INT-0631,61.33,5.49,84.81,18,23,79.47,Average
INT-0632,72.59,6.04,75.12,19,21,72.73,Average
INT-0633,37.14,7.4,83.5,14,15,84.3,Excel
INT-0634,18.76,7.18,84.05,18,18,99.73,Excel
INT-0635,38.27,7.6,94.26,16,18,94.92,Excel
INT-0636,38.57,8.72,94.87,12,12,94.84,Excel
INT-0637,39.72,4.73,81.04,16,19,88.07,Excel
INT-0638,28.64,8.56,82.07,23,25,100.0,Excel
INT-0639,48.95,7.21,89.98,17,18,95.62,Excel
INT-0640,48.29,6.91,78.73,11,11,82.87,Excel
INT-0641,24.07,5.14,89.3,13,13,91.98,Excel
INT-0642,50.39,7.9,83.21,23,24,88.37,Excel
INT-0643,66.63,3.82,75.28,14,21,62.51,Average
INT-0644,44.06,8.11,75.39,14,17,86.03,Excel
INT-0645,37.95,5.11,97.02,16,20,82.12,Excel
INT-0646,40.3,7.27,82.59,11,13,83.44,Excel
INT-0647,49.38,7.03,98.76,22,27,92.23,Excel
INT-0648,21.23,8.84,79.38,17,17,100.0,Excel
INT-0649,43.97,6.95,86.62,22,22,95.51,Excel
INT-0650,37.31,6.23,100.0,17,17,92.82,Excel
INT-0651,64.17,6.49,74.48,21,26,79.03,Average
INT-0652,39.91,8.98,66.92,18,20,89.92,Excel
INT-0653,62.01,7.95,95.58,18,20,75.29,Average
INT-0654,28.76,6.66,76.56,21,21,92.74,Excel
INT-0655,49.05,6.87,83.81,18,21,90.94,Excel
INT-0656,45.83,5.01,78.73,17,18,72.96,Average
INT-0657,31.57,7.74,86.41,17,18,97.58,Excel
INT-0658,44.13,4.74,75.45,25,27,91.5,Excel
INT-0659,56.55,8.25,82.38,11,13,78.38,Average
INT-0660,38.11,7.38,88.05,17,17,94.39,Excel
INT-0661,21.7,10.0,74.93,19,19,99.84,Excel
INT-0662,41.79,5.66,77.7,19,21,92.0,Excel
INT-0663,31.17,7.06,80.87,16,16,92.89,Excel
INT-0664,37.89,9.72,71.14,18,19,95.84,Excel
INT-0665,41.02,8.87,80.2,16,18,99.14,Excel
INT-0666,21.53,6.23,85.07,13,13,97.36,Excel
INT-0667,22.61,7.51,80.4,19,19,96.04,Excel
INT-0668,47.78,7.2,81.56,12,12,81.44,Excel
INT-0669,35.73,7.59,83.82,10,10,92.25,Excel
INT-0670,15.0,6.22,78.1,21,21,97.14,Excel
INT-0671,51.42,7.07,90.22,18,19,79.24,Average
INT-0672,45.27,4.96,96.92,18,18,87.79,Excel
INT-0673,33.43,7.39,79.82,20,23,87.56,Excel
INT-0674,26.2,7.83,88.37,10,10,100.0,Excel
INT-0675,52.03,6.88,81.84,11,15,79.21,Average
INT-0676,46.19,4.94,87.29,24,29,82.4,Excel
INT-0677,70.59,8.58,98.09,10,16,76.2,Average
INT-0678,47.04,7.71,88.58,18,22,82.1,Excel
INT-0679,46.65,6.18,68.04,13,13,72.97,Average
INT-0680,40.0,6.81,88.09,17,18,95.96,Excel
INT-0681,51.8,5.1,95.1,13,17,89.5,Excel
INT-0682,49.5,5.76,82.01,18,21,85.35,Excel
INT-0683,57.02,6.45,92.96,16,17,83.75,Excel
INT-0684,35.74,8.92,77.79,15,17,91.93,Excel
INT-0685,36.78,6.3,70.63,13,16,77.12,Average
INT-0686,36.25,8.1,85.27,18,21,100.0,Excel
INT-0687,51.49,6.45,68.19,11,13,73.02,Average
INT-0688,59.98,7.55,81.84,17,19,92.04,Excel
INT-0689,36.49,7.0,95.58,25,26,100.0,Excel
INT-0690,36.9,8.42,66.81,22,22,86.11,Excel
INT-0691,45.77,6.45,72.48,19,21,80.53,Excel
INT-0692,39.05,5.0,74.71,17,17,79.54,Average
INT-0693,53.42,5.27,83.43,8,10,72.04,Average
INT-0694,15.0,6.46,80.71,15,15,97.34,Excel
INT-0695,32.08,5.45,96.59,23,23,100.0,Excel
INT-0696,32.61,7.77,92.59,15,15,93.23,Excel
INT-0697,15.0,6.55,88.46,17,17,100.0,Excel
INT-0698,30.44,10.0,85.31,17,20,100.0,Excel
INT-0699,31.02,4.77,87.54,14,16,86.4,Excel
INT-0700,39.59,7.49,76.24,12,16,84.8,Excel
INT-0701,55.36,5.62,91.71,15,19,75.18,Average
INT-0702,39.06,6.51,73.99,13,13,84.56,Excel
INT-0703,29.63,7.4,91.52,15,18,98.51,Excel
INT-0704,41.32,3.94,94.68,14,15,84.18,Excel
INT-0705,54.59,7.53,85.9,18,22,88.57,Excel
INT-0706,30.29,9.86,82.41,17,17,100.0,Excel
INT-0707,31.07,6.57,87.6,17,17,99.04,Excel
INT-0708,48.7,7.56,58.25,18,20,80.3,Excel
INT-0709,39.34,8.63,86.72,16,16,91.13,Excel
INT-0710,49.77,6.97,82.98,15,18,80.91,Excel
INT-0711,41.84,6.39,83.54,19,22,87.35,Excel
INT-0712,50.42,4.01,90.36,19,19,82.67,Excel
INT-0713,29.58,8.1,83.33,17,17,96.29,Excel
INT-0714,41.85,7.04,73.74,17,21,80.85,Excel
INT-0715,39.47,5.78,82.73,14,16,78.82,Average
INT-0716,27.41,7.38,84.61,15,18,87.3,Excel
INT-0717,23.24,6.38,85.03,22,22,98.9,Excel
INT-0718,50.23,6.46,85.46,18,21,78.35,Average
INT-0719,37.79,8.05,93.35,19,23,93.32,Excel
INT-0720,29.73,5.33,74.23,19,20,86.27,Excel
INT-0721,40.85,8.67,85.58,17,17,90.11,Excel
INT-0722,55.54,5.24,95.61,18,22,83.98,Excel
INT-0723,15.0,6.27,68.39,24,24,100.0,Excel
INT-0724,24.04,9.89,85.62,23,23,100.0,Excel
INT-0725,30.93,8.78,78.73,18,20,95.97,Excel
INT-0726,59.53,7.34,80.66,21,22,87.31,Excel
INT-0727,45.39,5.88,75.86,17,21,77.72,Average
INT-0728,51.21,6.46,82.47,19,22,80.73,Excel
INT-0729,28.32,7.3,100.0,19,19,100.0,Excel
INT-0730,28.57,7.25,72.62,19,19,98.05,Excel
INT-0731,47.37,7.07,73.47,13,17,82.4,Excel
INT-0732,42.7,7.16,72.28,20,23,91.26,Excel
INT-0733,48.58,6.9,99.55,25,29,87.42,Excel
INT-0734,39.75,5.18,79.84,16,17,89.38,Excel
INT-0735,45.34,6.48,83.77,16,19,86.81,Excel
INT-0736,43.9,8.48,80.37,15,16,95.16,Excel
INT-0737,51.33,5.28,75.5,14,16,77.03,Average
INT-0738,51.68,6.93,81.88,22,23,88.33,Excel
INT-0739,22.56,6.05,100.0,16,16,99.24,Excel
INT-0740,15.03,7.36,96.53,17,19,100.0,Excel
INT-0741,54.02,6.66,76.32,10,13,73.35,Average
INT-0742,56.25,9.27,89.83,12,14,92.07,Excel
INT-0743,29.75,7.91,76.52,11,14,82.32,Excel
INT-0744,19.68,5.36,68.01,22,22,90.27,Excel
INT-0745,43.19,8.14,93.18,25,28,100.0,Excel
INT-0746,53.17,6.12,94.44,15,15,82.45,Excel
INT-0747,63.57,6.39,93.41,8,11,73.0,Average
INT-0748,48.2,7.64,79.77,20,23,84.76,Excel
INT-0749,37.54,6.51,82.5,14,18,87.56,Excel
INT-0750,31.28,8.45,90.75,23,26,100.0,Excel
INT-0751,42.14,6.12,87.52,16,20,85.36,Excel
INT-0752,38.41,6.33,80.46,14,14,90.51,Excel
INT-0753,29.82,6.28,69.43,17,17,85.2,Excel
INT-0754,66.59,6.41,85.02,17,24,79.21,Average
INT-0755,63.42,8.74,93.71,14,20,88.37,Excel
INT-0756,55.63,8.08,73.22,13,15,84.83,Excel
INT-0757,30.95,9.59,89.75,17,17,100.0,Excel
INT-0758,52.26,10.0,86.98,11,14,100.0,Excel
INT-0759,49.68,5.76,90.75,18,18,91.13,Excel
INT-0760,47.31,7.3,91.85,9,9,87.84,Excel
INT-0761,57.0,5.55,77.75,13,19,67.95,Average
INT-0762,49.62,6.11,69.45,19,21,79.45,Average
INT-0763,50.88,6.32,79.2,17,17,89.35,Excel
INT-0764,49.64,5.72,92.0,18,21,92.98,Excel
INT-0765,46.09,5.73,79.12,16,18,88.09,Excel
INT-0766,20.6,7.0,77.75,24,24,100.0,Excel
INT-0767,43.0,5.5,67.61,21,25,75.26,Average
INT-0768,35.33,8.38,99.77,19,19,100.0,Excel
INT-0769,26.64,5.92,91.43,22,23,93.33,Excel
INT-0770,62.18,10.0,90.93,18,23,84.63,Excel
INT-0771,62.75,6.57,92.71,13,16,79.87,Average
INT-0772,58.31,7.3,89.19,10,16,80.11,Excel
INT-0773,45.06,5.39,81.8,18,20,87.27,Excel
INT-0774,58.21,9.59,82.53,17,20,91.21,Excel
INT-0775,42.14,8.77,80.15,21,25,97.42,Excel
INT-0776,44.43,7.62,100.0,13,15,88.11,Excel
INT-0777,28.88,5.31,89.0,14,17,88.41,Excel
INT-0778,46.76,7.49,79.83,18,22,80.34,Excel
INT-0779,42.72,5.63,88.19,17,20,76.9,Average
INT-0780,26.37,9.25,74.9,10,10,99.04,Excel
INT-0781,41.39,8.33,97.54,19,20,96.41,Excel
INT-0782,41.04,7.33,78.05,10,14,86.14,Excel
INT-0783,63.57,3.79,88.51,11,15,71.85,Average
INT-0784,52.73,5.82,93.59,21,22,84.97,Excel
INT-0785,42.14,8.16,87.46,24,24,100.0,Excel
INT-0786,44.99,8.9,84.85,12,15,86.58,Excel
INT-0787,42.53,8.75,84.1,16,16,86.21,Excel
INT-0788,39.57,4.97,83.49,17,17,85.79,Excel
INT-0789,29.01,7.62,78.81,25,27,98.11,Excel
INT-0790,40.19,8.62,79.95,15,15,91.08,Excel
INT-0791,33.05,4.88,97.32,16,18,99.53,Excel
INT-0792,27.0,7.19,83.02,24,25,94.07,Excel
INT-0793,48.13,7.58,76.93,15,20,84.9,Excel
INT-0794,46.7,6.78,79.35,19,22,81.54,Excel
INT-0795,20.56,4.61,93.9,13,15,95.86,Excel
INT-0796,40.53,6.74,90.08,16,20,90.91,Excel
INT-0797,53.95,6.74,89.04,9,10,81.72,Excel
INT-0798,54.71,6.99,81.68,12,17,73.68,Average
INT-0799,54.31,6.41,89.16,19,23,81.26,Excel
INT-0800,42.47,6.58,78.21,17,17,91.06,Excel
INT-0801,31.86,7.14,81.66,17,17,100.0,Excel
INT-0802,29.0,7.82,92.73,15,15,100.0,Excel
INT-0803,46.14,6.77,91.87,15,15,85.21,Excel
INT-0804,46.55,6.63,75.16,17,19,84.74,Excel
INT-0805,57.45,7.33,76.3,19,25,91.94,Excel
INT-0806,55.2,4.51,84.98,5,7,67.64,Average
INT-0807,40.41,7.87,99.54,14,14,100.0,Excel
INT-0808,27.07,7.2,66.76,19,19,89.23,Excel
INT-0809,38.17,7.26,86.5,17,17,93.28,Excel
INT-0810,44.61,8.55,71.62,19,23,91.79,Excel
INT-0811,39.58,4.47,78.29,18,18,84.44,Excel
INT-0812,35.07,4.44,80.72,16,19,78.96,Average
INT-0813,45.03,7.58,80.22,14,16,82.56,Excel
INT-0814,35.95,7.19,79.2,16,16,95.52,Excel
INT-0815,34.46,7.44,84.06,23,25,100.0,Excel
INT-0816,45.74,6.55,79.18,13,15,88.64,Excel
INT-0817,37.18,8.13,70.84,17,20,97.72,Excel
INT-0818,44.93,8.51,91.02,18,20,96.05,Excel
INT-0819,45.28,7.88,90.78,22,26,94.05,Excel
INT-0820,28.33,6.83,91.59,17,17,100.0,Excel
INT-0821,36.23,4.25,70.13,21,21,85.81,Excel
INT-0822,59.25,8.28,86.69,20,21,84.69,Excel
INT-0823,28.06,8.91,90.08,18,18,99.73,Excel
INT-0824,16.6,8.1,74.72,18,18,100.0,Excel
INT-0825,19.66,5.97,84.08,18,19,96.02,Excel
INT-0826,42.35,8.14,82.95,16,17,91.73,Excel
INT-0827,42.37,8.4,100.0,20,24,100.0,Excel
INT-0828,40.59,9.38,100.0,18,18,100.0,Excel
INT-0829,56.57,5.97,69.02,16,19,79.84,Average
INT-0830,15.0,6.88,100.0,15,15,96.72,Excel
INT-0831,46.75,8.25,75.76,12,12,86.98,Excel
INT-0832,60.74,7.28,92.83,24,26,93.12,Excel
INT-0833,28.47,5.64,92.73,17,19,87.05,Excel
INT-0834,37.44,7.78,75.04,14,16,85.25,Excel
INT-0835,32.97,8.01,88.44,24,26,98.5,Excel
INT-0836,31.27,7.32,83.03,19,20,96.28,Excel
INT-0837,38.08,7.51,88.99,19,23,100.0,Excel
INT-0838,59.13,6.84,86.08,14,20,87.46,Excel
INT-0839,64.05,9.27,94.77,14,20,82.64,Excel
INT-0840,37.97,5.94,84.68,16,16,90.84,Excel
INT-0841,64.86,6.38,82.49,9,13,72.59,Average
INT-0842,42.43,7.22,93.86,17,17,95.81,Excel
INT-0843,63.04,8.43,89.22,16,18,87.39,Excel
INT-0844,40.88,5.1,90.59,24,24,93.4,Excel
INT-0845,43.57,5.37,78.02,17,19,89.38,Excel
INT-0846,46.39,4.35,74.59,7,9,73.78,Average
INT-0847,80.0,7.25,78.89,13,21,62.11,Average
INT-0848,52.22,5.63,78.41,25,26,88.52,Excel
INT-0849,33.51,6.66,91.08,21,22,100.0,Excel
INT-0850,53.63,8.13,92.78,13,17,88.1,Excel
INT-0851,37.66,6.3,82.6,19,23,94.25,Excel
INT-0852,36.12,7.52,96.88,14,14,97.53,Excel
INT-0853,52.9,6.78,96.32,11,15,83.58,Excel
INT-0854,42.37,8.14,86.19,16,16,94.06,Excel
INT-0855,45.34,7.87,76.6,16,19,77.55,Average
INT-0856,42.17,6.23,98.18,10,11,86.97,Excel
INT-0857,46.04,6.96,83.45,11,16,78.25,Average
INT-0858,47.1,8.66,85.14,16,20,85.34,Excel
INT-0859,18.76,7.75,80.94,17,19,100.0,Excel
INT-0860,50.0,5.24,75.99,18,23,79.84,Average
INT-0861,30.22,8.12,70.78,13,13,91.23,Excel
INT-0862,24.69,5.68,89.7,22,23,95.93,Excel
INT-0863,41.3,9.18,76.95,12,12,92.56,Excel
INT-0864,43.01,8.63,100.0,24,26,100.0,Excel
INT-0865,33.68,7.61,74.23,11,11,84.58,Excel
INT-0866,51.97,7.42,72.68,12,16,77.68,Average
INT-0867,25.89,6.91,88.59,20,23,100.0,Excel
INT-0868,37.12,8.15,97.76,24,27,95.06,Excel
INT-0869,34.98,6.68,84.58,19,22,92.17,Excel
INT-0870,41.44,7.53,89.15,19,19,93.16,Excel
INT-0871,45.35,8.42,67.41,16,21,83.71,Excel
INT-0872,29.91,6.41,77.9,14,15,86.7,Excel
INT-0873,50.69,6.34,74.34,14,18,77.86,Average
INT-0874,42.76,5.53,66.94,12,15,83.29,Excel
INT-0875,19.3,5.71,85.05,14,14,93.01,Excel
INT-0876,18.5,4.64,63.81,21,21,90.35,Excel
INT-0877,41.85,8.22,72.1,13,15,94.87,Excel
INT-0878,39.35,9.73,79.17,18,20,94.84,Excel
INT-0879,40.76,9.2,76.52,12,16,97.03,Excel
INT-0880,41.66,4.92,87.57,18,19,85.75,Excel
INT-0881,44.71,8.21,86.75,15,17,99.13,Excel
INT-0882,53.37,9.19,92.04,22,25,100.0,Excel
INT-0883,28.67,6.56,90.77,19,19,99.58,Excel
INT-0884,27.94,7.34,94.27,23,23,100.0,Excel
INT-0885,28.88,4.39,83.98,15,15,84.09,Excel
INT-0886,45.47,7.57,86.73,16,19,89.52,Excel
INT-0887,56.94,5.71,88.6,11,14,79.82,Average
INT-0888,36.82,7.48,85.27,15,19,90.8,Excel
INT-0889,15.0,5.01,80.43,19,19,94.51,Excel
INT-0890,21.55,7.96,81.01,16,16,98.85,Excel
INT-0891,32.0,8.63,76.64,13,13,98.57,Excel
INT-0892,35.31,6.1,87.79,11,12,92.55,Excel
INT-0893,37.1,5.61,83.15,8,12,75.82,Average
INT-0894,42.46,4.18,78.03,13,13,74.26,Average
INT-0895,38.26,6.83,78.04,20,20,92.97,Excel
INT-0896,54.59,6.39,73.11,10,10,81.82,Excel
INT-0897,33.89,5.03,92.81,13,13,93.51,Excel
INT-0898,31.65,7.83,84.71,25,28,95.77,Excel
INT-0899,47.75,6.57,76.23,13,17,77.83,Average
INT-0900,23.57,5.69,91.28,20,20,94.46,Excel
INT-0901,46.68,6.42,78.96,19,19,85.02,Excel
INT-0902,43.23,8.7,71.34,20,21,99.07,Excel
INT-0903,40.23,8.04,93.19,11,13,85.33,Excel
INT-0904,61.06,7.02,79.17,14,16,70.19,Average
INT-0905,34.53,8.07,80.32,12,14,86.84,Excel
INT-0906,66.72,5.57,84.37,23,30,78.74,Average
INT-0907,39.29,7.25,94.28,11,11,94.51,Excel
INT-0908,26.68,7.41,84.18,14,14,97.96,Excel
INT-0909,42.84,6.54,73.21,13,13,87.61,Excel
INT-0910,29.09,7.81,88.89,12,14,87.09,Excel
INT-0911,32.98,6.11,79.64,23,23,99.23,Excel
INT-0912,46.76,7.91,100.0,25,26,99.77,Excel
INT-0913,48.67,7.97,83.99,14,15,90.96,Excel
INT-0914,34.53,3.12,63.88,13,13,66.75,Average
INT-0915,53.85,8.87,87.22,7,9,83.1,Excel
INT-0916,55.89,2.93,100.0,14,19,74.56,Average
INT-0917,59.24,6.34,98.18,14,16,87.93,Excel
INT-0918,48.35,8.64,100.0,13,13,88.05,Excel
INT-0919,58.36,6.76,74.82,16,19,77.48,Average
INT-0920,19.43,5.15,92.21,21,22,94.43,Excel
INT-0921,38.19,5.67,77.5,18,19,88.2,Excel
INT-0922,31.6,8.64,86.02,17,17,100.0,Excel
INT-0923,43.43,4.51,72.54,13,13,81.74,Excel
INT-0924,35.14,8.78,78.2,20,23,94.58,Excel
INT-0925,40.01,7.12,77.91,17,21,91.66,Excel
INT-0926,64.59,5.53,92.09,19,24,84.61,Excel
INT-0927,39.96,6.38,91.21,20,22,85.43,Excel
INT-0928,46.97,5.78,86.49,10,14,80.83,Excel
INT-0929,39.21,8.41,71.85,11,12,90.99,Excel
INT-0930,42.91,8.23,81.2,14,14,89.37,Excel
INT-0931,42.07,4.79,77.28,13,14,72.79,Average
INT-0932,47.38,6.63,91.83,19,23,93.42,Excel
INT-0933,55.98,5.99,94.6,16,20,77.03,Average
INT-0934,61.77,9.01,93.51,19,25,89.13,Excel
INT-0935,45.72,5.31,77.2,18,23,79.79,Average
INT-0936,49.07,9.45,59.34,17,18,88.67,Excel
INT-0937,28.19,7.15,68.1,23,23,92.19,Excel
INT-0938,40.95,5.57,96.79,19,19,89.14,Excel
INT-0939,53.28,6.25,80.39,16,21,79.55,Average
INT-0940,52.39,6.08,77.24,22,26,87.17,Excel
INT-0941,44.54,5.42,98.78,17,17,99.93,Excel
INT-0942,52.64,7.33,95.39,15,15,82.56,Excel
INT-0943,47.89,5.48,84.22,13,16,80.41,Excel
INT-0944,56.4,4.15,81.36,18,22,68.99,Average
INT-0945,45.47,6.67,82.81,21,26,92.71,Excel
INT-0946,37.73,4.68,86.04,17,20,80.29,Excel
INT-0947,46.03,6.15,98.4,21,22,90.11,Excel
INT-0948,15.0,5.93,87.8,12,12,93.89,Excel
INT-0949,46.59,5.98,90.53,16,19,85.03,Excel
INT-0950,15.0,10.0,94.52,20,20,100.0,Excel
INT-0951,21.32,7.28,73.47,16,18,96.6,Excel
INT-0952,47.42,7.54,90.79,25,28,95.98,Excel
INT-0953,47.73,4.71,81.35,16,19,72.12,Average
INT-0954,28.05,6.28,61.36,16,16,88.98,Excel
INT-0955,33.45,7.5,64.85,18,18,89.21,Excel
INT-0956,58.45,5.77,74.84,7,13,70.78,Average
INT-0957,36.19,8.47,88.78,14,17,91.7,Excel
INT-0958,68.92,5.52,85.02,18,20,67.45,Average
INT-0959,41.98,6.8,85.66,14,17,86.39,Excel
INT-0960,46.9,6.38,100.0,13,15,93.75,Excel
INT-0961,61.4,7.43,72.58,20,23,80.85,Excel
INT-0962,43.57,6.3,83.75,22,26,88.32,Excel
INT-0963,29.97,6.82,86.74,20,23,92.46,Excel
INT-0964,40.68,6.87,77.37,15,15,94.8,Excel
INT-0965,41.57,6.17,84.25,16,16,82.85,Excel
INT-0966,25.62,7.88,69.6,15,17,89.06,Excel
INT-0967,38.93,7.53,96.69,13,17,95.03,Excel
INT-0968,33.09,7.08,77.87,14,14,81.84,Excel
INT-0969,53.09,6.6,100.0,14,19,91.04,Excel
INT-0970,42.42,8.32,83.71,13,14,93.3,Excel
INT-0971,38.61,6.87,93.25,11,13,93.07,Excel
INT-0972,40.73,6.77,83.52,18,18,93.14,Excel
INT-0973,44.68,7.35,83.72,18,21,88.55,Excel
INT-0974,49.4,9.58,78.74,23,27,90.48,Excel
INT-0975,30.0,5.32,85.07,15,16,88.26,Excel
INT-0976,29.5,8.28,86.86,19,21,96.16,Excel
INT-0977,55.26,4.55,76.94,16,22,74.01,Average
INT-0978,37.05,7.5,82.87,16,20,94.41,Excel
INT-0979,25.0,9.41,78.51,22,23,100.0,Excel
INT-0980,47.33,7.88,100.0,19,24,96.93,Excel
INT-0981,47.56,7.44,83.19,17,21,91.19,Excel
INT-0982,23.63,6.42,97.91,18,19,99.8,Excel
INT-0983,44.75,7.24,82.24,16,18,85.31,Excel
INT-0984,50.83,6.85,86.33,11,15,82.48,Excel
INT-0985,46.49,6.1,72.11,13,13,77.39,Average
INT-0986,49.58,6.79,79.98,14,17,82.62,Excel
INT-0987,25.15,7.48,85.89,14,14,92.65,Excel
INT-0988,45.97,6.13,98.27,18,23,85.43,Excel
INT-0989,38.37,6.07,86.0,22,22,95.89,Excel
INT-0990,36.21,5.3,96.45,13,15,92.05,Excel
INT-0991,52.45,7.75,89.77,17,18,85.02,Excel
INT-0992,59.75,7.96,98.65,11,17,86.18,Excel
INT-0993,63.53,7.52,83.47,14,20,75.22,Average
INT-0994,57.78,8.55,100.0,12,14,88.98,Excel
INT-0995,40.68,7.32,79.63,19,23,96.21,Excel
INT-0996,46.23,7.75,77.1,13,15,88.02,Excel
INT-0997,51.2,7.63,73.11,20,25,88.05,Excel
INT-0998,43.45,7.07,100.0,16,19,100.0,Excel
INT-0999,43.57,6.46,91.38,14,14,85.43,Excel
INT-1000,51.89,10.0,80.99,11,12,84.63,Excel
