intern_id,module_id,rating,completed
INT-0001,M02,5,0
INT-0001,M01,3,0
INT-0001,M05,4,1
INT-0001,M04,3,1
INT-0001,M10,3,1
INT-0001,M09,4,0
INT-0002,M01,3,1
INT-0002,M07,5,1
INT-0002,M04,4,1
INT-0002,M05,3,1
INT-0002,M12,3,0
INT-0002,M15,4,1
INT-0002,M09,3,1
INT-0002,M08,3,1
INT-0002,M11,4,1
INT-0002,M02,4,1
INT-0002,M10,4,1
INT-0003,M14,5,1
INT-0003,M04,3,1
INT-0003,M05,3,1
INT-0003,M13,4,1
INT-0003,M10,3,1
INT-0003,M02,3,1
INT-0003,M01,3,1
INT-0004,M05,4,1
INT-0004,M13,3,1
INT-0004,M11,5,1
INT-0004,M15,4,1
INT-0004,M04,3,0
INT-0005,M04,4,1
INT-0005,M06,2,0
INT-0005,M10,2,0
INT-0005,M02,3,1
INT-0005,M13,3,0
INT-0005,M05,2,1
INT-0006,M14,4,1
INT-0006,M15,4,1
INT-0006,M11,4,1
INT-0006,M05,4,1
INT-0006,M04,3,1
INT-0006,M13,4,1
INT-0006,M06,4,1
INT-0006,M01,3,1
INT-0006,M07,4,1
INT-0006,M03,4,1
INT-0007,M02,4,1
INT-0007,M01,5,1
INT-0007,M14,2,0
INT-0007,M11,4,1
INT-0007,M03,4,1
INT-0008,M09,4,1
INT-0008,M06,4,0
INT-0008,M15,3,1
INT-0008,M14,3,0
INT-0008,M07,3,1
INT-0008,M12,4,1
INT-0008,M02,4,1
INT-0008,M13,3,0
INT-0008,M11,3,0
INT-0008,M08,3,1
INT-0008,M05,4,0
INT-0009,M06,3,1
INT-0009,M13,3,1
INT-0009,M02,3,0
INT-0009,M14,4,1
INT-0009,M08,3,1
INT-0009,M05,3,1
INT-0009,M10,4,1
INT-0009,M15,4,1
INT-0010,M12,3,1
INT-0010,M11,4,1
INT-0010,M14,3,1
INT-0010,M08,3,1
INT-0010,M06,3,0
INT-0010,M02,4,1
INT-0011,M15,2,0
INT-0011,M06,4,1
INT-0011,M07,3,1
INT-0011,M14,3,1
INT-0011,M11,4,1
INT-0011,M04,4,1
INT-0011,M08,3,1
INT-0011,M09,3,1
INT-0011,M10,4,1
INT-0011,M02,4,1
INT-0011,M05,3,0
INT-0012,M11,4,1
INT-0012,M13,4,1
INT-0012,M15,4,1
INT-0012,M12,3,1
INT-0012,M04,4,1
INT-0012,M07,3,0
INT-0012,M01,3,1
INT-0013,M10,4,1
INT-0013,M07,4,1
INT-0013,M15,2,1
INT-0013,M12,3,0
INT-0013,M04,3,0
INT-0013,M02,4,1
INT-0013,M13,2,1
INT-0014,M04,2,0
INT-0014,M08,3,1
INT-0014,M10,3,1
INT-0014,M13,3,1
INT-0014,M14,3,1
INT-0014,M11,3,1
INT-0014,M06,4,1
INT-0014,M03,3,1
INT-0014,M01,4,1
INT-0014,M15,3,1
INT-0015,M13,3,0
INT-0015,M12,3,1
INT-0015,M11,4,1
INT-0015,M03,4,1
INT-0015,M10,4,1
INT-0015,M04,4,1
INT-0015,M02,3,0
INT-0015,M14,3,1
INT-0015,M07,3,1
INT-0015,M15,3,1
INT-0016,M11,3,0
INT-0016,M09,2,1
INT-0016,M04,4,1
INT-0016,M12,5,1
INT-0016,M08,3,1
INT-0017,M10,4,1
INT-0017,M06,3,0
INT-0017,M11,4,1
INT-0017,M15,3,1
INT-0017,M08,2,1
INT-0017,M04,3,1
INT-0018,M04,4,1
INT-0018,M05,3,1
INT-0018,M09,3,0
INT-0018,M08,3,1
INT-0018,M03,4,1
INT-0018,M13,3,1
INT-0018,M02,5,1
INT-0018,M06,2,1
INT-0018,M11,3,0
INT-0018,M10,3,0
INT-0019,M03,3,1
INT-0019,M12,3,1
INT-0019,M15,3,1
INT-0019,M09,3,1
INT-0019,M13,3,1
INT-0019,M04,3,1
INT-0020,M04,2,1
INT-0020,M11,3,1
INT-0020,M13,2,1
INT-0020,M02,3,1
INT-0020,M15,3,1
INT-0020,M12,2,1
INT-0020,M05,4,1
INT-0021,M07,4,1
INT-0021,M03,3,1
INT-0021,M14,3,1
INT-0021,M12,3,1
INT-0021,M05,3,0
INT-0021,M04,3,1
INT-0021,M06,5,1
INT-0022,M02,3,1
INT-0022,M14,3,1
INT-0022,M09,2,1
INT-0022,M12,3,1
INT-0022,M01,4,1
INT-0022,M15,3,0
INT-0022,M07,3,1
INT-0023,M01,3,1
INT-0023,M14,5,1
INT-0023,M03,4,1
INT-0023,M10,4,1
INT-0023,M12,4,1
INT-0023,M13,5,1
INT-0023,M06,3,0
INT-0024,M14,4,1
INT-0024,M02,3,1
INT-0024,M03,3,0
INT-0024,M06,4,1
INT-0024,M12,3,1
INT-0024,M11,5,1
INT-0024,M10,5,1
INT-0024,M01,2,0
INT-0025,M08,4,1
INT-0025,M14,3,1
INT-0025,M05,5,1
INT-0025,M01,4,1
INT-0025,M10,3,1
INT-0025,M02,4,1
INT-0025,M15,3,1
INT-0025,M03,4,0
INT-0025,M06,4,1
INT-0026,M14,3,1
INT-0026,M04,3,1
INT-0026,M12,4,0
INT-0026,M03,4,1
INT-0026,M07,3,1
INT-0026,M06,3,1
INT-0026,M05,3,1
INT-0027,M07,3,0
INT-0027,M03,4,1
INT-0027,M09,2,0
INT-0027,M11,5,1
INT-0027,M01,4,1
INT-0027,M14,3,1
INT-0027,M05,2,0
INT-0027,M04,3,1
INT-0027,M06,2,1
INT-0027,M08,2,1
INT-0028,M02,4,1
INT-0028,M06,3,1
INT-0028,M09,3,0
INT-0028,M03,4,1
INT-0028,M15,4,1
INT-0028,M05,3,1
INT-0028,M04,4,1
INT-0028,M14,3,1
INT-0028,M01,3,1
INT-0029,M15,3,1
INT-0029,M06,3,0
INT-0029,M10,3,1
INT-0029,M07,3,1
INT-0029,M02,5,1
INT-0029,M13,4,0
INT-0029,M12,5,1
INT-0029,M04,4,1
INT-0029,M09,3,0
INT-0029,M05,4,1
INT-0030,M03,3,1
INT-0030,M10,3,1
INT-0030,M01,5,1
INT-0030,M13,3,0
INT-0030,M05,4,1
INT-0031,M01,4,1
INT-0031,M03,2,1
INT-0031,M12,4,1
INT-0031,M06,3,1
INT-0031,M14,4,1
INT-0031,M15,3,0
INT-0032,M11,4,1
INT-0032,M14,4,1
INT-0032,M02,3,0
INT-0032,M04,3,0
INT-0032,M06,2,0
INT-0032,M12,4,1
INT-0032,M09,2,1
INT-0032,M01,3,1
INT-0032,M03,4,1
INT-0032,M08,2,1
INT-0032,M15,4,1
INT-0033,M01,5,1
INT-0033,M09,3,1
INT-0033,M03,5,1
INT-0033,M15,3,1
INT-0033,M11,4,1
INT-0033,M05,4,1
INT-0033,M08,3,0
INT-0034,M15,2,0
INT-0034,M10,4,1
INT-0034,M02,4,1
INT-0034,M13,4,1
INT-0034,M03,3,1
INT-0034,M12,3,1
INT-0034,M11,4,1
INT-0034,M09,2,1
INT-0035,M03,3,1
INT-0035,M09,3,0
INT-0035,M07,3,0
INT-0035,M14,3,1
INT-0035,M12,3,1
INT-0035,M02,4,1
INT-0035,M01,5,1
INT-0035,M05,4,1
INT-0035,M13,3,1
INT-0035,M08,3,1
INT-0036,M02,4,1
INT-0036,M15,3,0
INT-0036,M09,2,1
INT-0036,M03,4,1
INT-0036,M06,2,1
INT-0036,M08,3,1
INT-0036,M14,4,1
INT-0036,M05,4,1
INT-0036,M07,3,1
INT-0036,M12,5,1
INT-0037,M08,3,1
INT-0037,M05,3,1
INT-0037,M01,5,1
INT-0037,M12,4,1
INT-0037,M15,4,1
INT-0037,M11,3,1
INT-0038,M13,3,0
INT-0038,M06,3,0
INT-0038,M09,3,1
INT-0038,M02,4,1
INT-0038,M04,3,1
INT-0038,M07,3,1
INT-0038,M03,2,0
INT-0038,M05,4,1
INT-0039,M02,5,1
INT-0039,M03,4,1
INT-0039,M13,4,1
INT-0039,M10,3,1
INT-0039,M08,2,1
INT-0039,M15,4,1
INT-0039,M07,3,1
INT-0040,M13,2,1
INT-0040,M04,3,1
INT-0040,M07,5,1
INT-0040,M12,4,1
INT-0040,M03,4,1
INT-0040,M01,5,1
INT-0040,M11,4,1
INT-0040,M14,3,1
INT-0040,M10,4,1
INT-0041,M07,4,1
INT-0041,M02,4,0
INT-0041,M06,3,1
INT-0041,M01,3,1
INT-0041,M09,3,0
INT-0041,M12,4,1
INT-0041,M05,3,0
INT-0041,M04,4,1
INT-0041,M11,4,1
INT-0042,M09,4,1
INT-0042,M03,3,0
INT-0042,M14,4,1
INT-0042,M07,4,1
INT-0042,M01,4,1
INT-0042,M06,4,1
INT-0042,M13,3,1
INT-0043,M02,4,1
INT-0043,M07,4,1
INT-0043,M11,3,1
INT-0043,M06,3,1
INT-0043,M08,5,1
INT-0043,M03,2,0
INT-0044,M04,4,1
INT-0044,M05,3,1
INT-0044,M14,5,1
INT-0044,M03,4,0
INT-0044,M15,3,1
INT-0044,M11,4,1
INT-0044,M12,3,1
INT-0045,M14,3,0
INT-0045,M07,5,1
INT-0045,M09,3,1
INT-0045,M01,4,1
INT-0045,M03,3,1
INT-0045,M13,2,0
INT-0046,M08,3,1
INT-0046,M07,3,1
INT-0046,M02,4,1
INT-0046,M04,2,1
INT-0046,M13,4,1
INT-0046,M05,3,1
INT-0046,M10,3,1
INT-0046,M06,3,1
INT-0046,M11,2,1
INT-0046,M12,3,1
INT-0046,M15,2,1
INT-0047,M12,2,1
INT-0047,M06,3,0
INT-0047,M07,3,1
INT-0047,M11,3,1
INT-0047,M10,4,1
INT-0047,M01,3,0
INT-0047,M04,4,1
INT-0048,M13,4,1
INT-0048,M08,3,1
INT-0048,M01,3,1
INT-0048,M06,3,1
INT-0048,M02,4,1
INT-0048,M10,4,1
INT-0048,M15,3,0
INT-0048,M11,4,0
INT-0048,M04,5,0
INT-0048,M12,3,1
INT-0049,M10,4,1
INT-0049,M13,4,1
INT-0049,M04,4,1
INT-0049,M01,3,1
INT-0049,M09,3,0
INT-0049,M11,5,1
INT-0049,M07,5,1
INT-0049,M15,3,1
INT-0049,M14,3,1
INT-0049,M05,5,1
INT-0050,M02,4,1
INT-0050,M15,3,1
INT-0050,M07,4,1
INT-0050,M05,3,1
INT-0050,M10,3,1
INT-0050,M12,4,1
INT-0050,M11,3,1
INT-0050,M13,3,1
INT-0051,M14,2,0
INT-0051,M15,4,1
INT-0051,M01,3,0
INT-0051,M04,4,1
INT-0051,M10,3,0
INT-0051,M07,3,1
INT-0051,M08,3,1
INT-0051,M12,4,1
INT-0051,M13,4,1
INT-0051,M05,3,1
INT-0051,M06,3,1
INT-0052,M14,4,1
INT-0052,M12,4,1
INT-0052,M03,5,1
INT-0052,M13,3,1
INT-0052,M11,3,1
INT-0052,M07,2,1
INT-0052,M08,3,1
INT-0052,M10,3,1
INT-0052,M02,5,1
INT-0052,M01,4,1
INT-0053,M05,4,1
INT-0053,M01,4,0
INT-0053,M09,4,1
INT-0053,M06,4,1
INT-0053,M02,4,1
INT-0053,M11,4,1
INT-0053,M15,4,1
INT-0053,M04,4,0
INT-0054,M03,3,1
INT-0054,M14,4,1
INT-0054,M07,5,1
INT-0054,M10,5,1
INT-0054,M02,4,0
INT-0054,M04,3,1
INT-0054,M09,3,1
INT-0054,M06,4,1
INT-0055,M11,3,1
INT-0055,M07,4,1
INT-0055,M10,2,1
INT-0055,M02,4,1
INT-0055,M09,4,1
INT-0056,M14,2,1
INT-0056,M12,2,1
INT-0056,M10,4,1
INT-0056,M01,4,0
INT-0056,M08,5,1
INT-0056,M13,4,1
INT-0056,M05,4,1
INT-0056,M03,3,1
INT-0057,M05,2,1
INT-0057,M02,3,1
INT-0057,M11,4,1
INT-0057,M01,4,1
INT-0057,M07,3,1
INT-0057,M14,3,1
INT-0057,M03,3,1
INT-0057,M06,3,1
INT-0057,M10,5,1
INT-0057,M13,3,0
INT-0057,M04,4,1
INT-0058,M10,4,1
INT-0058,M15,3,1
INT-0058,M13,4,1
INT-0058,M03,3,1
INT-0058,M12,2,0
INT-0058,M02,5,1
INT-0059,M12,4,1
INT-0059,M09,2,1
INT-0059,M15,3,0
INT-0059,M05,3,1
INT-0059,M04,4,1
INT-0059,M01,4,1
INT-0059,M08,3,0
INT-0060,M10,4,1
INT-0060,M07,2,1
INT-0060,M12,4,1
INT-0060,M02,4,1
INT-0060,M06,3,1
INT-0060,M14,3,1
INT-0060,M05,3,1
INT-0061,M09,3,0
INT-0061,M07,4,1
INT-0061,M03,3,1
INT-0061,M14,4,1
INT-0061,M06,5,1
INT-0061,M04,3,1
INT-0061,M05,5,1
INT-0061,M12,3,1
INT-0061,M13,4,1
INT-0061,M10,5,1
INT-0061,M02,5,1
INT-0062,M12,4,1
INT-0062,M07,4,0
INT-0062,M13,3,1
INT-0062,M05,4,0
INT-0062,M11,4,1
INT-0062,M08,3,1
INT-0062,M06,3,1
INT-0062,M09,3,0
INT-0062,M14,3,1
INT-0062,M02,5,1
INT-0062,M10,4,1
INT-0063,M06,4,1
INT-0063,M07,3,1
INT-0063,M03,3,1
INT-0063,M08,2,1
INT-0063,M02,3,0
INT-0063,M15,3,1
INT-0063,M10,4,1
INT-0063,M13,3,1
INT-0063,M11,4,1
INT-0063,M12,3,1
INT-0063,M01,4,1
INT-0064,M01,5,1
INT-0064,M04,3,1
INT-0064,M13,3,1
INT-0064,M07,4,1
INT-0064,M14,4,1
INT-0064,M08,3,0
INT-0064,M12,4,1
INT-0064,M03,3,1
INT-0064,M11,4,0
INT-0064,M05,4,1
INT-0065,M15,3,1
INT-0065,M02,4,1
INT-0065,M08,2,0
INT-0065,M06,5,1
INT-0065,M05,4,1
INT-0066,M01,4,0
INT-0066,M15,3,1
INT-0066,M11,4,1
INT-0066,M12,3,1
INT-0066,M14,3,0
INT-0066,M10,4,1
INT-0066,M06,4,1
INT-0066,M04,3,1
INT-0066,M07,4,1
INT-0066,M09,1,1
INT-0066,M05,4,1
INT-0067,M13,3,1
INT-0067,M11,4,0
INT-0067,M04,3,1
INT-0067,M01,5,1
INT-0067,M08,4,1
INT-0067,M07,4,1
INT-0068,M06,4,1
INT-0068,M01,4,0
INT-0068,M12,3,0
INT-0068,M14,4,1
INT-0068,M10,4,1
INT-0069,M09,3,1
INT-0069,M03,4,1
INT-0069,M11,3,0
INT-0069,M06,3,1
INT-0069,M15,3,1
INT-0069,M10,2,1
INT-0069,M14,3,1
INT-0069,M12,4,1
INT-0069,M07,3,1
INT-0069,M05,3,1
INT-0069,M02,4,1
INT-0070,M04,3,1
INT-0070,M03,4,1
INT-0070,M13,1,0
INT-0070,M11,4,1
INT-0070,M02,3,1
INT-0070,M12,3,1
INT-0071,M12,4,0
INT-0071,M02,5,1
INT-0071,M08,4,0
INT-0071,M09,5,1
INT-0071,M14,3,0
INT-0071,M05,3,1
INT-0071,M03,3,1
INT-0072,M07,3,1
INT-0072,M08,3,1
INT-0072,M14,4,1
INT-0072,M05,3,1
INT-0072,M15,4,1
INT-0072,M03,3,0
INT-0072,M13,2,1
INT-0072,M12,3,1
INT-0072,M01,3,1
INT-0072,M02,4,0
INT-0073,M03,4,1
INT-0073,M10,4,1
INT-0073,M15,4,1
INT-0073,M01,3,1
INT-0073,M04,3,0
INT-0074,M13,3,1
INT-0074,M11,4,1
INT-0074,M05,4,1
INT-0074,M12,4,1
INT-0074,M07,5,1
INT-0074,M10,4,1
INT-0074,M03,4,1
INT-0075,M09,3,1
INT-0075,M07,3,1
INT-0075,M12,4,1
INT-0075,M02,4,1
INT-0075,M10,4,1
INT-0075,M08,2,0
INT-0075,M15,3,1
INT-0075,M14,3,1
INT-0075,M01,4,1
INT-0075,M13,3,1
INT-0076,M12,2,1
INT-0076,M07,3,1
INT-0076,M06,3,0
INT-0076,M08,3,1
INT-0076,M09,2,1
INT-0076,M03,4,1
INT-0076,M04,4,1
INT-0077,M06,4,1
INT-0077,M03,5,1
INT-0077,M05,4,1
INT-0077,M14,3,0
INT-0077,M10,3,1
INT-0077,M08,3,0
INT-0077,M13,3,1
INT-0077,M12,3,1
INT-0077,M04,5,1
INT-0077,M01,5,0
INT-0078,M04,4,1
INT-0078,M07,3,0
INT-0078,M10,3,1
INT-0078,M09,3,1
INT-0078,M05,4,1
INT-0078,M01,3,1
INT-0078,M11,4,1
INT-0078,M14,3,0
INT-0078,M12,3,1
INT-0079,M08,3,1
INT-0079,M07,5,1
INT-0079,M10,4,1
INT-0079,M11,4,1
INT-0079,M01,4,1
INT-0079,M12,4,1
INT-0079,M02,3,1
INT-0079,M06,5,0
INT-0079,M09,3,1
INT-0079,M14,3,1
INT-0079,M05,5,1
INT-0080,M14,4,0
INT-0080,M12,3,1
INT-0080,M08,4,1
INT-0080,M15,3,1
INT-0080,M05,5,1
INT-0080,M06,4,0
INT-0081,M09,4,1
INT-0081,M05,5,1
INT-0081,M08,3,0
INT-0081,M04,3,1
INT-0081,M15,3,1
INT-0081,M01,5,1
INT-0081,M03,4,1
INT-0082,M03,5,1
INT-0082,M15,2,1
INT-0082,M04,4,1
INT-0082,M08,3,1
INT-0082,M06,4,1
INT-0082,M07,3,1
INT-0082,M02,5,1
INT-0082,M01,4,1
INT-0083,M04,3,1
INT-0083,M03,4,1
INT-0083,M14,3,1
INT-0083,M11,4,1
INT-0083,M09,4,1
INT-0083,M13,4,1
INT-0083,M02,5,1
INT-0083,M01,4,1
INT-0083,M12,4,1
INT-0084,M01,5,1
INT-0084,M03,4,1
INT-0084,M13,3,1
INT-0084,M07,3,0
INT-0084,M06,3,1
INT-0084,M11,4,1
INT-0084,M05,3,1
INT-0085,M14,4,1
INT-0085,M11,3,1
INT-0085,M02,4,1
INT-0085,M03,4,1
INT-0085,M06,3,1
INT-0085,M13,3,1
INT-0085,M07,3,1
INT-0086,M02,5,1
INT-0086,M09,3,1
INT-0086,M15,4,1
INT-0086,M08,4,1
INT-0086,M01,4,1
INT-0086,M10,3,1
INT-0087,M07,4,1
INT-0087,M08,3,1
INT-0087,M15,3,1
INT-0087,M04,3,0
INT-0087,M13,3,1
INT-0087,M12,4,1
INT-0087,M14,4,1
INT-0087,M03,4,1
INT-0087,M09,4,1
INT-0087,M01,5,1
INT-0088,M03,4,1
INT-0088,M11,4,1
INT-0088,M05,3,1
INT-0088,M08,3,1
INT-0088,M07,4,1
INT-0088,M10,4,1
INT-0089,M05,3,1
INT-0089,M01,5,1
INT-0089,M12,4,1
INT-0089,M09,3,1
INT-0089,M15,3,0
INT-0089,M08,2,1
INT-0089,M14,4,1
INT-0089,M11,3,1
INT-0089,M06,3,1
INT-0089,M04,4,1
INT-0090,M01,5,1
INT-0090,M04,2,1
INT-0090,M03,2,1
INT-0090,M09,4,1
INT-0090,M12,3,0
INT-0090,M07,4,1
INT-0090,M02,3,0
INT-0090,M10,3,1
INT-0090,M11,4,1
INT-0091,M11,2,1
INT-0091,M02,4,1
INT-0091,M12,4,1
INT-0091,M05,4,1
INT-0091,M10,4,1
INT-0091,M14,4,1
INT-0092,M06,4,1
INT-0092,M04,3,1
INT-0092,M05,4,1
INT-0092,M02,5,1
INT-0092,M11,4,1
INT-0092,M12,3,1
INT-0092,M15,3,1
INT-0092,M03,3,1
INT-0092,M01,3,1
INT-0092,M09,4,1
INT-0092,M07,3,1
INT-0093,M09,3,1
INT-0093,M12,3,1
INT-0093,M07,4,1
INT-0093,M15,3,1
INT-0093,M08,4,1
INT-0093,M01,4,0
INT-0094,M08,3,1
INT-0094,M12,3,1
INT-0094,M04,4,1
INT-0094,M02,4,1
INT-0094,M03,4,1
INT-0094,M14,3,1
INT-0094,M11,4,1
INT-0094,M15,3,1
INT-0095,M15,3,1
INT-0095,M14,2,1
INT-0095,M06,4,1
INT-0095,M10,5,1
INT-0095,M02,4,1
INT-0095,M09,4,1
INT-0095,M04,4,1
INT-0095,M01,3,0
INT-0095,M12,2,0
INT-0095,M03,3,1
INT-0095,M07,3,0
INT-0096,M06,4,1
INT-0096,M04,3,0
INT-0096,M11,4,1
INT-0096,M10,3,1
INT-0096,M15,3,0
INT-0096,M02,4,1
INT-0096,M13,3,1
INT-0096,M01,3,1
INT-0096,M07,4,1
INT-0097,M14,3,1
INT-0097,M03,4,1
INT-0097,M07,3,0
INT-0097,M15,4,0
INT-0097,M02,4,0
INT-0097,M04,4,1
INT-0098,M07,3,1
INT-0098,M03,4,1
INT-0098,M13,4,1
INT-0098,M10,3,1
INT-0098,M12,4,1
INT-0098,M11,3,1
INT-0099,M05,3,1
INT-0099,M01,3,1
INT-0099,M03,3,1
INT-0099,M04,3,1
INT-0099,M10,3,0
INT-0099,M12,4,1
INT-0099,M09,2,1
INT-0099,M15,3,0
INT-0100,M04,3,1
INT-0100,M11,4,1
INT-0100,M15,4,1
INT-0100,M03,3,1
INT-0100,M13,4,1
INT-0100,M02,4,1
INT-0100,M14,5,1
INT-0101,M08,4,1
INT-0101,M14,5,1
INT-0101,M09,4,1
INT-0101,M15,5,1
INT-0101,M13,4,1
INT-0102,M14,3,1
INT-0102,M06,4,1
INT-0102,M01,5,1
INT-0102,M05,4,1
INT-0102,M08,2,1
INT-0102,M15,3,1
INT-0103,M15,4,1
INT-0103,M08,3,1
INT-0103,M14,3,1
INT-0103,M11,5,1
INT-0103,M05,4,1
INT-0103,M04,5,1
INT-0103,M02,5,1
INT-0103,M12,3,1
INT-0103,M06,4,1
INT-0103,M13,4,1
INT-0103,M03,4,1
INT-0104,M09,3,1
INT-0104,M11,4,0
INT-0104,M15,5,1
INT-0104,M06,4,0
INT-0104,M08,3,1
INT-0104,M02,3,0
INT-0104,M01,4,0
INT-0104,M03,3,1
INT-0104,M07,2,1
INT-0104,M04,4,1
INT-0104,M10,4,1
INT-0105,M05,4,1
INT-0105,M09,3,0
INT-0105,M02,5,1
INT-0105,M07,4,1
INT-0105,M03,3,0
INT-0105,M15,3,1
INT-0105,M04,3,1
INT-0106,M13,3,1
INT-0106,M04,3,0
INT-0106,M05,5,1
INT-0106,M12,3,0
INT-0106,M02,4,1
INT-0106,M08,4,1
INT-0106,M01,3,1
INT-0106,M07,4,1
INT-0107,M05,3,0
INT-0107,M01,3,0
INT-0107,M11,5,1
INT-0107,M10,4,1
INT-0107,M02,4,1
INT-0107,M06,3,0
INT-0107,M07,3,1
INT-0107,M15,3,1
INT-0107,M14,3,1
INT-0108,M13,3,0
INT-0108,M02,4,1
INT-0108,M14,3,0
INT-0108,M10,4,1
INT-0108,M07,4,1
INT-0108,M09,3,1
INT-0109,M06,4,1
INT-0109,M02,5,0
INT-0109,M07,3,0
INT-0109,M05,3,1
INT-0109,M08,4,0
INT-0109,M12,4,0
INT-0109,M11,4,1
INT-0109,M13,3,0
INT-0109,M03,4,1
INT-0110,M02,4,1
INT-0110,M04,4,1
INT-0110,M10,3,0
INT-0110,M03,3,0
INT-0110,M11,4,1
INT-0110,M15,4,1
INT-0110,M08,2,1
INT-0111,M07,2,0
INT-0111,M14,3,1
INT-0111,M08,3,1
INT-0111,M04,3,0
INT-0111,M06,2,0
INT-0111,M13,4,0
INT-0111,M03,4,1
INT-0111,M09,4,1
INT-0112,M09,2,1
INT-0112,M11,2,1
INT-0112,M01,4,1
INT-0112,M15,3,1
INT-0112,M02,4,1
INT-0112,M05,3,1
INT-0112,M12,5,1
INT-0112,M03,4,1
INT-0113,M05,3,1
INT-0113,M15,3,0
INT-0113,M02,3,1
INT-0113,M03,3,1
INT-0113,M11,4,1
INT-0113,M13,3,1
INT-0113,M09,3,1
INT-0113,M04,4,1
INT-0113,M10,5,1
INT-0113,M07,2,1
INT-0114,M01,4,0
INT-0114,M05,4,1
INT-0114,M04,3,1
INT-0114,M12,5,1
INT-0114,M02,4,1
INT-0114,M08,2,1
INT-0114,M15,3,1
INT-0115,M02,4,1
INT-0115,M03,4,1
INT-0115,M15,3,1
INT-0115,M06,4,1
INT-0115,M11,3,1
INT-0116,M10,3,1
INT-0116,M06,3,1
INT-0116,M11,4,1
INT-0116,M08,2,1
INT-0116,M12,3,0
INT-0117,M06,5,1
INT-0117,M07,4,1
INT-0117,M10,4,1
INT-0117,M12,3,1
INT-0117,M04,2,1
INT-0118,M12,3,1
INT-0118,M09,4,1
INT-0118,M06,4,1
INT-0118,M04,3,1
INT-0118,M01,4,0
INT-0118,M02,5,1
INT-0118,M15,3,1
INT-0118,M14,3,1
INT-0118,M05,5,1
INT-0118,M11,3,1
INT-0119,M10,4,1
INT-0119,M05,2,1
INT-0119,M01,5,1
INT-0119,M11,4,1
INT-0119,M04,3,1
INT-0119,M07,3,1
INT-0119,M14,3,1
INT-0119,M09,3,1
INT-0119,M13,2,0
INT-0119,M12,3,1
INT-0120,M06,5,0
INT-0120,M02,4,1
INT-0120,M10,3,1
INT-0120,M03,3,1
INT-0120,M11,4,1
INT-0120,M12,3,1
INT-0120,M09,4,1
INT-0121,M06,4,1
INT-0121,M08,3,1
INT-0121,M15,3,0
INT-0121,M01,3,0
INT-0121,M07,5,1
INT-0121,M05,5,1
INT-0121,M02,4,1
INT-0121,M04,3,1
INT-0121,M10,4,1
INT-0121,M13,2,1
INT-0121,M11,4,1
INT-0122,M11,4,1
INT-0122,M10,3,1
INT-0122,M02,3,1
INT-0122,M13,3,1
INT-0122,M03,3,0
INT-0122,M06,4,1
INT-0123,M03,5,1
INT-0123,M06,3,0
INT-0123,M09,2,1
INT-0123,M10,3,1
INT-0123,M15,3,1
INT-0123,M13,3,1
INT-0123,M12,4,1
INT-0123,M11,3,1
INT-0123,M04,4,1
INT-0123,M01,4,1
INT-0124,M14,3,0
INT-0124,M12,3,1
INT-0124,M04,3,1
INT-0124,M11,4,1
INT-0124,M13,2,1
INT-0124,M07,4,1
INT-0124,M09,3,0
INT-0124,M10,4,1
INT-0125,M12,4,1
INT-0125,M03,5,1
INT-0125,M05,3,1
INT-0125,M06,3,0
INT-0125,M07,4,1
INT-0125,M09,3,1
INT-0125,M10,4,0
INT-0125,M02,4,1
INT-0126,M05,4,1
INT-0126,M01,5,1
INT-0126,M08,3,1
INT-0126,M15,3,0
INT-0126,M06,3,1
INT-0126,M13,3,1
INT-0126,M04,3,1
INT-0126,M07,5,1
INT-0127,M09,3,1
INT-0127,M08,3,1
INT-0127,M02,3,0
INT-0127,M07,4,1
INT-0127,M04,4,1
INT-0127,M01,4,0
INT-0127,M05,3,0
INT-0127,M13,4,1
INT-0127,M14,3,1
INT-0127,M12,3,0
INT-0127,M06,2,1
INT-0128,M04,4,1
INT-0128,M01,5,1
INT-0128,M15,4,1
INT-0128,M08,2,1
INT-0128,M07,3,1
INT-0128,M02,5,1
INT-0128,M06,3,1
INT-0128,M09,3,1
INT-0128,M11,3,1
INT-0128,M03,4,1
INT-0128,M12,4,1
INT-0129,M15,3,1
INT-0129,M12,5,1
INT-0129,M06,3,1
INT-0129,M03,4,1
INT-0129,M13,3,1
INT-0129,M09,2,1
INT-0130,M11,4,0
INT-0130,M04,3,1
INT-0130,M05,4,1
INT-0130,M13,4,1
INT-0130,M14,3,1
INT-0130,M12,3,1
INT-0130,M01,5,1
INT-0130,M03,3,1
INT-0130,M09,2,0
INT-0131,M08,3,1
INT-0131,M05,4,0
INT-0131,M12,4,1
INT-0131,M07,3,1
INT-0131,M10,3,1
INT-0131,M13,3,0
INT-0131,M03,3,1
INT-0131,M11,4,0
INT-0132,M09,4,1
INT-0132,M06,4,0
INT-0132,M02,3,1
INT-0132,M10,4,1
INT-0132,M12,3,1
INT-0133,M08,2,1
INT-0133,M15,5,1
INT-0133,M01,3,1
INT-0133,M07,4,1
INT-0133,M06,4,1
INT-0133,M04,4,1
INT-0133,M09,3,1
INT-0133,M11,4,1
INT-0133,M02,5,1
INT-0134,M08,4,1
INT-0134,M04,5,1
INT-0134,M06,4,1
INT-0134,M07,3,0
INT-0134,M05,4,1
INT-0135,M01,4,1
INT-0135,M08,3,0
INT-0135,M13,3,1
INT-0135,M04,3,1
INT-0135,M10,4,1
INT-0135,M07,5,1
INT-0136,M05,3,1
INT-0136,M01,3,1
INT-0136,M08,3,1
INT-0136,M04,3,1
INT-0136,M12,3,0
INT-0136,M03,4,1
INT-0136,M06,2,1
INT-0136,M09,4,1
INT-0137,M06,3,1
INT-0137,M08,4,1
INT-0137,M01,3,0
INT-0137,M10,4,1
INT-0137,M05,3,0
INT-0137,M14,5,1
INT-0137,M03,3,0
INT-0137,M11,4,1
INT-0138,M13,3,0
INT-0138,M01,3,0
INT-0138,M02,4,1
INT-0138,M04,2,1
INT-0138,M15,3,1
INT-0138,M06,3,1
INT-0138,M14,2,0
INT-0138,M11,3,1
INT-0138,M05,4,1
INT-0138,M07,4,1
INT-0139,M09,4,1
INT-0139,M13,3,1
INT-0139,M04,4,0
INT-0139,M06,5,0
INT-0139,M11,3,1
INT-0139,M05,4,1
INT-0139,M07,4,1
INT-0139,M02,3,1
INT-0140,M01,4,1
INT-0140,M05,4,1
INT-0140,M07,3,0
INT-0140,M02,5,1
INT-0140,M03,3,1
INT-0140,M15,3,1
INT-0141,M13,4,1
INT-0141,M04,4,0
INT-0141,M07,4,1
INT-0141,M08,3,1
INT-0141,M06,5,1
INT-0141,M03,3,0
INT-0141,M01,4,1
INT-0142,M13,3,1
INT-0142,M12,4,1
INT-0142,M05,4,1
INT-0142,M11,4,1
INT-0142,M14,3,1
INT-0142,M08,2,1
INT-0142,M02,4,1
INT-0142,M07,3,1
INT-0142,M04,3,1
INT-0142,M10,5,1
INT-0143,M03,3,1
INT-0143,M04,3,1
INT-0143,M07,4,1
INT-0143,M02,3,0
INT-0143,M12,4,1
INT-0143,M06,4,1
INT-0144,M10,4,1
INT-0144,M07,5,1
INT-0144,M01,4,1
INT-0144,M15,3,1
INT-0144,M06,4,0
INT-0145,M08,3,1
INT-0145,M09,2,1
INT-0145,M02,3,1
INT-0145,M01,4,1
INT-0145,M07,4,1
INT-0145,M11,4,1
INT-0145,M14,4,1
INT-0145,M03,3,1
INT-0145,M04,3,1
INT-0146,M15,4,1
INT-0146,M06,3,1
INT-0146,M09,3,1
INT-0146,M03,4,1
INT-0146,M12,3,1
INT-0146,M10,3,1
INT-0146,M07,3,1
INT-0146,M14,3,0
INT-0146,M08,3,1
INT-0146,M13,3,0
INT-0146,M11,4,1
INT-0147,M04,5,0
INT-0147,M05,4,0
INT-0147,M07,3,0
INT-0147,M09,3,1
INT-0147,M12,3,1
INT-0148,M10,4,1
INT-0148,M07,3,1
INT-0148,M14,3,1
INT-0148,M15,4,1
INT-0148,M01,5,1
INT-0148,M03,4,1
INT-0149,M10,4,1
INT-0149,M11,4,1
INT-0149,M12,3,0
INT-0149,M09,4,1
INT-0149,M07,4,1
INT-0149,M13,4,1
INT-0149,M15,4,1
INT-0149,M08,3,1
INT-0149,M02,5,1
INT-0149,M04,4,1
INT-0149,M03,5,1
INT-0150,M09,3,0
INT-0150,M01,5,1
INT-0150,M02,4,1
INT-0150,M05,4,1
INT-0150,M03,5,1
INT-0151,M06,4,1
INT-0151,M13,2,1
INT-0151,M15,4,1
INT-0151,M14,3,0
INT-0151,M01,5,1
INT-0151,M10,3,0
INT-0151,M11,3,1
INT-0151,M09,4,0
INT-0151,M08,3,1
INT-0151,M05,3,1
INT-0152,M07,3,1
INT-0152,M14,3,1
INT-0152,M06,3,0
INT-0152,M05,3,1
INT-0152,M12,2,1
INT-0152,M15,5,0
INT-0152,M08,3,1
INT-0152,M04,3,1
INT-0152,M11,4,1
INT-0153,M03,4,1
INT-0153,M08,2,1
INT-0153,M02,5,1
INT-0153,M15,3,0
INT-0153,M04,5,1
INT-0153,M12,4,1
INT-0153,M07,3,1
INT-0153,M01,4,1
INT-0153,M06,3,1
INT-0153,M10,4,1
INT-0153,M13,4,1
INT-0154,M12,4,1
INT-0154,M01,5,0
INT-0154,M08,3,1
INT-0154,M13,4,0
INT-0154,M09,3,1
INT-0154,M06,4,1
INT-0154,M05,4,1
INT-0154,M07,4,1
INT-0154,M04,3,1
INT-0155,M09,4,1
INT-0155,M01,4,1
INT-0155,M14,3,1
INT-0155,M02,4,1
INT-0155,M06,2,1
INT-0155,M10,2,0
INT-0155,M11,3,1
INT-0155,M07,3,1
INT-0156,M12,3,0
INT-0156,M02,4,1
INT-0156,M03,3,1
INT-0156,M15,2,1
INT-0156,M08,3,0
INT-0157,M03,4,1
INT-0157,M11,3,1
INT-0157,M02,4,1
INT-0157,M14,4,1
INT-0157,M15,2,1
INT-0157,M04,4,1
INT-0157,M09,3,0
INT-0157,M08,1,0
INT-0157,M05,3,1
INT-0157,M10,4,0
INT-0158,M10,4,1
INT-0158,M06,5,1
INT-0158,M13,3,1
INT-0158,M01,4,1
INT-0158,M07,4,1
INT-0158,M03,3,1
INT-0158,M04,4,1
INT-0159,M05,4,1
INT-0159,M04,3,0
INT-0159,M15,3,1
INT-0159,M03,3,1
INT-0159,M01,4,1
INT-0159,M14,3,1
INT-0159,M13,2,1
INT-0160,M13,3,1
INT-0160,M03,3,0
INT-0160,M12,2,1
INT-0160,M14,2,1
INT-0160,M10,3,1
INT-0160,M09,4,1
INT-0160,M04,3,1
INT-0160,M15,4,1
INT-0160,M11,3,0
INT-0160,M05,4,1
INT-0161,M07,3,1
INT-0161,M14,2,0
INT-0161,M11,3,1
INT-0161,M01,5,1
INT-0161,M04,5,1
INT-0161,M08,3,1
INT-0161,M06,3,0
INT-0161,M02,4,1
INT-0161,M03,4,1
INT-0161,M09,3,0
INT-0161,M15,4,1
INT-0162,M14,4,1
INT-0162,M05,4,1
INT-0162,M12,3,1
INT-0162,M06,4,0
INT-0162,M01,3,1
INT-0162,M03,3,1
INT-0162,M09,2,1
INT-0162,M13,4,1
INT-0162,M08,3,1
INT-0162,M10,4,1
INT-0162,M04,3,1
INT-0163,M10,4,1
INT-0163,M06,4,1
INT-0163,M08,3,0
INT-0163,M01,5,1
INT-0163,M14,4,1
INT-0163,M13,4,1
INT-0163,M15,3,1
INT-0163,M11,3,1
INT-0163,M12,5,1
INT-0163,M07,3,1
INT-0163,M04,4,1
INT-0164,M03,5,1
INT-0164,M12,4,1
INT-0164,M10,3,1
INT-0164,M15,3,1
INT-0164,M09,3,1
INT-0164,M07,3,1
INT-0165,M11,4,1
INT-0165,M14,4,1
INT-0165,M10,4,1
INT-0165,M02,3,1
INT-0165,M04,3,1
INT-0165,M05,4,1
INT-0165,M08,2,1
INT-0165,M01,4,1
INT-0165,M15,3,0
INT-0165,M09,3,1
INT-0165,M06,4,1
INT-0166,M09,2,1
INT-0166,M15,2,1
INT-0166,M02,4,1
INT-0166,M06,3,1
INT-0166,M14,3,0
INT-0166,M13,3,0
INT-0166,M11,3,1
INT-0166,M01,5,1
INT-0167,M10,3,1
INT-0167,M06,4,1
INT-0167,M13,1,0
INT-0167,M05,4,1
INT-0167,M08,3,0
INT-0167,M01,4,1
INT-0167,M12,3,1
INT-0167,M14,4,1
INT-0168,M04,4,1
INT-0168,M06,5,1
INT-0168,M09,4,1
INT-0168,M11,4,1
INT-0168,M14,3,1
INT-0169,M04,5,1
INT-0169,M05,3,0
INT-0169,M01,5,1
INT-0169,M07,3,1
INT-0169,M12,4,1
INT-0169,M11,4,1
INT-0169,M09,4,1
INT-0169,M02,4,1
INT-0169,M15,4,1
INT-0169,M08,2,1
INT-0170,M11,4,1
INT-0170,M03,3,0
INT-0170,M04,3,1
INT-0170,M05,3,1
INT-0170,M13,4,1
INT-0170,M02,3,1
INT-0170,M15,4,1
INT-0170,M08,4,1
INT-0170,M10,4,1
INT-0170,M01,3,1
INT-0171,M14,3,0
INT-0171,M15,3,0
INT-0171,M03,4,1
INT-0171,M06,3,1
INT-0171,M09,4,1
INT-0171,M10,4,1
INT-0171,M01,4,1
INT-0171,M08,3,1
INT-0172,M15,4,1
INT-0172,M09,2,0
INT-0172,M13,3,1
INT-0172,M04,3,1
INT-0172,M12,3,1
INT-0172,M14,4,1
INT-0172,M08,3,1
INT-0172,M01,4,1
INT-0173,M03,4,1
INT-0173,M12,3,0
INT-0173,M10,4,1
INT-0173,M01,4,1
INT-0173,M07,3,1
INT-0173,M14,4,1
INT-0173,M09,2,0
INT-0173,M11,4,1
INT-0173,M15,3,1
INT-0174,M08,2,0
INT-0174,M14,3,1
INT-0174,M06,3,0
INT-0174,M01,4,1
INT-0174,M13,4,0
INT-0174,M04,3,1
INT-0174,M12,3,1
INT-0174,M03,3,1
INT-0175,M13,3,1
INT-0175,M05,3,1
INT-0175,M01,4,1
INT-0175,M14,3,1
INT-0175,M12,3,1
INT-0175,M08,2,1
INT-0175,M04,4,1
INT-0175,M07,4,1
INT-0175,M09,3,1
INT-0175,M03,4,1
INT-0175,M10,2,1
INT-0176,M04,5,1
INT-0176,M10,2,0
INT-0176,M06,4,1
INT-0176,M08,3,1
INT-0176,M12,4,1
INT-0176,M11,3,1
INT-0176,M07,3,1
INT-0176,M03,4,1
INT-0176,M13,3,1
INT-0177,M04,4,1
INT-0177,M03,4,1
INT-0177,M09,2,1
INT-0177,M05,4,1
INT-0177,M10,4,1
INT-0177,M07,3,1
INT-0178,M12,2,1
INT-0178,M08,2,1
INT-0178,M06,3,1
INT-0178,M07,3,1
INT-0178,M05,3,0
INT-0178,M13,4,1
INT-0178,M09,2,0
INT-0178,M01,3,1
INT-0178,M14,4,1
INT-0179,M13,4,1
INT-0179,M07,2,1
INT-0179,M04,3,1
INT-0179,M12,3,1
INT-0179,M09,2,1
INT-0179,M01,4,0
INT-0179,M05,2,1
INT-0179,M15,3,1
INT-0179,M02,2,0
INT-0180,M15,4,1
INT-0180,M14,3,1
INT-0180,M04,2,1
INT-0180,M11,3,1
INT-0180,M05,4,1
INT-0180,M07,5,1
INT-0180,M09,3,1
INT-0180,M03,3,1
INT-0180,M13,3,1
INT-0180,M06,5,1
INT-0180,M12,2,0
INT-0181,M15,5,1
INT-0181,M11,3,1
INT-0181,M01,3,1
INT-0181,M12,3,1
INT-0181,M14,4,1
INT-0182,M07,4,1
INT-0182,M15,5,1
INT-0182,M03,3,1
INT-0182,M12,3,1
INT-0182,M11,5,1
INT-0182,M10,4,1
INT-0183,M04,4,1
INT-0183,M02,4,1
INT-0183,M07,5,1
INT-0183,M14,3,1
INT-0183,M13,4,1
INT-0183,M09,3,1
INT-0183,M01,4,1
INT-0183,M10,4,1
INT-0184,M06,4,1
INT-0184,M13,3,1
INT-0184,M10,4,1
INT-0184,M07,4,1
INT-0184,M11,4,1
INT-0184,M12,3,1
INT-0184,M03,4,1
INT-0184,M01,4,1
INT-0184,M05,3,1
INT-0184,M08,3,1
INT-0184,M09,3,1
INT-0185,M02,4,1
INT-0185,M08,4,1
INT-0185,M09,3,1
INT-0185,M13,3,0
INT-0185,M12,3,1
INT-0185,M03,3,1
INT-0185,M11,3,1
INT-0185,M05,4,1
INT-0185,M04,3,1
INT-0186,M08,2,1
INT-0186,M07,3,1
INT-0186,M15,2,0
INT-0186,M14,3,1
INT-0186,M02,3,1
INT-0186,M12,4,1
INT-0186,M03,3,1
INT-0186,M05,4,1
INT-0186,M01,4,1
INT-0186,M10,5,1
INT-0187,M05,3,1
INT-0187,M15,3,1
INT-0187,M10,4,1
INT-0187,M14,4,1
INT-0187,M09,2,1
INT-0187,M06,3,1
INT-0187,M08,2,1
INT-0187,M01,4,1
INT-0187,M12,3,1
INT-0188,M14,2,1
INT-0188,M13,4,1
INT-0188,M01,3,1
INT-0188,M05,4,1
INT-0188,M12,5,1
INT-0188,M02,4,1
INT-0188,M07,3,1
INT-0189,M15,3,0
INT-0189,M01,5,1
INT-0189,M04,4,1
INT-0189,M10,3,1
INT-0189,M12,3,1
INT-0189,M02,4,1
INT-0189,M07,4,1
INT-0189,M13,4,1
INT-0189,M03,3,1
INT-0189,M14,3,1
INT-0190,M14,1,0
INT-0190,M08,3,1
INT-0190,M05,3,1
INT-0190,M07,3,1
INT-0190,M13,2,1
INT-0190,M04,4,1
INT-0190,M06,4,1
INT-0190,M10,3,1
INT-0190,M03,4,1
INT-0191,M05,4,1
INT-0191,M03,3,1
INT-0191,M12,4,1
INT-0191,M11,5,1
INT-0191,M15,3,1
INT-0191,M02,3,0
INT-0191,M10,4,1
INT-0191,M13,4,1
INT-0191,M09,3,1
INT-0191,M08,3,1
INT-0191,M14,3,1
INT-0192,M10,3,0
INT-0192,M08,2,1
INT-0192,M09,2,1
INT-0192,M14,3,1
INT-0192,M05,2,0
INT-0192,M11,2,1
INT-0192,M13,3,1
INT-0192,M01,4,1
INT-0193,M09,3,1
INT-0193,M01,4,1
INT-0193,M05,4,1
INT-0193,M04,4,1
INT-0193,M06,3,1
INT-0193,M08,2,0
INT-0193,M02,4,1
INT-0193,M10,3,1
INT-0193,M07,4,1
INT-0193,M15,4,1
INT-0193,M11,5,1
INT-0194,M07,5,1
INT-0194,M04,3,1
INT-0194,M08,3,1
INT-0194,M09,4,1
INT-0194,M05,4,1
INT-0195,M12,5,1
INT-0195,M13,3,0
INT-0195,M06,3,0
INT-0195,M03,4,1
INT-0195,M15,3,1
INT-0195,M07,2,0
INT-0195,M09,2,1
INT-0196,M11,4,1
INT-0196,M03,4,1
INT-0196,M06,4,1
INT-0196,M13,3,1
INT-0196,M10,4,1
INT-0196,M05,4,1
INT-0196,M15,3,1
INT-0196,M09,3,1
INT-0196,M01,4,1
INT-0196,M02,4,1
INT-0196,M08,4,1
INT-0197,M13,3,1
INT-0197,M09,4,1
INT-0197,M05,5,1
INT-0197,M07,4,1
INT-0197,M04,3,1
INT-0198,M01,3,0
INT-0198,M14,4,1
INT-0198,M08,3,0
INT-0198,M15,4,1
INT-0198,M09,4,1
INT-0198,M12,3,1
INT-0198,M13,5,1
INT-0198,M02,4,0
INT-0199,M05,4,1
INT-0199,M01,5,1
INT-0199,M10,3,1
INT-0199,M04,4,1
INT-0199,M12,5,0
INT-0199,M15,3,0
INT-0199,M14,4,1
INT-0200,M08,3,1
INT-0200,M01,5,1
INT-0200,M04,4,1
INT-0200,M09,3,0
INT-0200,M06,4,1
INT-0200,M05,3,1
INT-0200,M03,4,1
INT-0200,M11,5,1
INT-0201,M11,4,1
INT-0201,M12,4,1
INT-0201,M06,5,1
INT-0201,M14,4,1
INT-0201,M13,4,1
INT-0202,M07,3,1
INT-0202,M14,3,1
INT-0202,M06,3,1
INT-0202,M01,3,1
INT-0202,M05,3,1
INT-0202,M11,5,1
INT-0202,M13,4,1
INT-0202,M04,4,1
INT-0203,M09,3,1
INT-0203,M14,4,1
INT-0203,M05,5,1
INT-0203,M15,5,1
INT-0203,M10,4,1
INT-0203,M11,4,1
INT-0203,M01,5,1
INT-0203,M02,5,0
INT-0203,M12,3,1
INT-0203,M13,3,1
INT-0203,M08,4,1
INT-0204,M11,3,1
INT-0204,M14,3,1
INT-0204,M07,4,1
INT-0204,M05,4,1
INT-0204,M06,3,1
INT-0204,M01,4,1
INT-0204,M08,2,0
INT-0204,M13,3,1
INT-0204,M09,3,0
INT-0204,M15,4,1
INT-0204,M03,4,1
INT-0205,M06,3,1
INT-0205,M14,4,1
INT-0205,M08,2,1
INT-0205,M02,5,1
INT-0205,M01,4,1
INT-0205,M10,3,1
INT-0206,M03,4,1
INT-0206,M05,3,1
INT-0206,M08,3,0
INT-0206,M06,3,0
INT-0206,M09,2,1
INT-0207,M07,3,1
INT-0207,M02,5,1
INT-0207,M11,4,1
INT-0207,M14,2,1
INT-0207,M08,3,0
INT-0207,M09,3,1
INT-0207,M04,4,1
INT-0207,M06,3,1
INT-0207,M10,2,1
INT-0207,M03,4,1
INT-0207,M12,4,1
INT-0208,M13,4,1
INT-0208,M12,3,1
INT-0208,M03,3,1
INT-0208,M10,5,1
INT-0208,M14,3,1
INT-0208,M08,3,0
INT-0208,M01,4,0
INT-0208,M02,5,1
INT-0208,M11,4,1
INT-0209,M10,3,1
INT-0209,M03,4,1
INT-0209,M15,3,1
INT-0209,M04,4,1
INT-0209,M09,3,0
INT-0209,M12,3,1
INT-0209,M02,5,1
INT-0209,M11,3,1
INT-0209,M07,3,1
INT-0209,M14,3,1
INT-0210,M06,3,1
INT-0210,M09,4,1
INT-0210,M04,4,1
INT-0210,M01,5,1
INT-0210,M13,3,1
INT-0210,M02,5,0
INT-0211,M11,4,1
INT-0211,M08,3,1
INT-0211,M02,5,1
INT-0211,M04,3,0
INT-0211,M05,3,1
INT-0211,M09,3,1
INT-0211,M06,5,1
INT-0211,M15,3,1
INT-0211,M14,4,1
INT-0212,M10,4,1
INT-0212,M08,3,1
INT-0212,M05,4,1
INT-0212,M06,4,1
INT-0212,M13,3,1
INT-0212,M14,4,1
INT-0212,M11,4,1
INT-0212,M12,4,1
INT-0212,M09,2,1
INT-0212,M04,4,1
INT-0213,M13,3,1
INT-0213,M11,3,1
INT-0213,M06,3,1
INT-0213,M07,3,0
INT-0213,M02,2,1
INT-0213,M03,5,1
INT-0213,M14,3,1
INT-0214,M01,5,1
INT-0214,M10,3,1
INT-0214,M14,4,1
INT-0214,M07,3,0
INT-0214,M08,4,1
INT-0214,M15,3,0
INT-0214,M11,4,1
INT-0215,M07,4,1
INT-0215,M03,3,1
INT-0215,M14,2,0
INT-0215,M08,4,1
INT-0215,M06,4,1
INT-0216,M15,3,0
INT-0216,M11,4,1
INT-0216,M12,2,1
INT-0216,M05,4,1
INT-0216,M08,3,1
INT-0217,M14,4,1
INT-0217,M15,3,1
INT-0217,M08,4,1
INT-0217,M09,3,1
INT-0217,M02,4,1
INT-0217,M07,3,1
INT-0218,M03,5,1
INT-0218,M10,3,1
INT-0218,M15,3,1
INT-0218,M12,4,1
INT-0218,M09,3,1
INT-0218,M06,3,1
INT-0218,M13,3,1
INT-0218,M02,5,1
INT-0218,M05,3,1
INT-0218,M14,3,0
INT-0219,M15,3,1
INT-0219,M14,5,1
INT-0219,M09,2,1
INT-0219,M04,3,1
INT-0219,M12,4,0
INT-0219,M02,3,1
INT-0219,M07,4,1
INT-0219,M13,4,1
INT-0220,M12,3,1
INT-0220,M15,4,1
INT-0220,M07,3,1
INT-0220,M01,4,1
INT-0220,M04,5,1
INT-0220,M06,4,1
INT-0220,M10,3,0
INT-0220,M14,3,0
INT-0220,M02,4,1
INT-0220,M09,3,1
INT-0221,M05,4,1
INT-0221,M13,3,1
INT-0221,M01,5,1
INT-0221,M10,4,1
INT-0221,M14,3,1
INT-0221,M08,3,0
INT-0221,M11,5,1
INT-0222,M01,4,1
INT-0222,M07,5,1
INT-0222,M12,3,1
INT-0222,M04,3,1
INT-0222,M05,4,1
INT-0222,M02,5,1
INT-0223,M12,4,1
INT-0223,M02,4,1
INT-0223,M10,5,1
INT-0223,M01,5,1
INT-0223,M14,5,1
INT-0223,M05,4,1
INT-0223,M15,3,1
INT-0223,M07,5,0
INT-0224,M08,2,1
INT-0224,M03,4,0
INT-0224,M02,3,0
INT-0224,M11,3,1
INT-0224,M14,3,1
INT-0225,M10,4,1
INT-0225,M09,2,0
INT-0225,M07,2,1
INT-0225,M03,4,1
INT-0225,M15,4,1
INT-0225,M06,4,1
INT-0225,M11,4,1
INT-0225,M13,3,1
INT-0225,M01,4,1
INT-0225,M02,4,1
INT-0226,M06,3,1
INT-0226,M02,2,1
INT-0226,M03,4,1
INT-0226,M07,3,1
INT-0226,M12,3,1
INT-0226,M01,4,1
INT-0226,M05,3,0
INT-0226,M13,4,1
INT-0227,M06,2,1
INT-0227,M03,4,1
INT-0227,M08,1,1
INT-0227,M15,3,0
INT-0227,M12,4,1
INT-0227,M11,3,1
INT-0227,M13,3,1
INT-0227,M07,3,1
INT-0228,M03,4,1
INT-0228,M12,4,0
INT-0228,M10,4,1
INT-0228,M14,4,1
INT-0228,M07,5,1
INT-0228,M08,3,1
INT-0228,M11,4,1
INT-0228,M09,3,0
INT-0228,M06,4,0
INT-0228,M01,4,1
INT-0229,M07,4,1
INT-0229,M06,4,1
INT-0229,M15,3,1
INT-0229,M02,4,1
INT-0229,M01,4,1
INT-0229,M08,3,1
INT-0229,M10,3,1
INT-0229,M11,4,1
INT-0229,M05,4,1
INT-0230,M06,3,1
INT-0230,M05,2,0
INT-0230,M12,4,1
INT-0230,M14,4,1
INT-0230,M03,4,1
INT-0230,M02,4,1
INT-0230,M04,4,1
INT-0230,M10,4,1
INT-0231,M14,4,1
INT-0231,M04,5,1
INT-0231,M06,3,1
INT-0231,M11,3,0
INT-0231,M03,4,1
INT-0231,M05,4,0
INT-0231,M12,4,0
INT-0232,M09,2,0
INT-0232,M06,3,1
INT-0232,M10,5,1
INT-0232,M01,4,1
INT-0232,M04,4,1
INT-0232,M13,4,1
INT-0233,M10,5,1
INT-0233,M03,4,1
INT-0233,M05,3,1
INT-0233,M13,4,1
INT-0233,M08,3,1
INT-0233,M14,4,1
INT-0234,M04,3,1
INT-0234,M01,5,1
INT-0234,M11,4,1
INT-0234,M05,4,1
INT-0234,M09,3,1
INT-0234,M12,3,1
INT-0234,M07,5,1
INT-0234,M03,3,1
INT-0235,M13,4,1
INT-0235,M06,4,1
INT-0235,M08,2,1
INT-0235,M05,3,1
INT-0235,M09,3,1
INT-0235,M04,3,1
INT-0235,M11,4,1
INT-0235,M10,4,1
INT-0236,M02,4,1
INT-0236,M11,3,1
INT-0236,M12,4,1
INT-0236,M03,3,1
INT-0236,M04,3,1
INT-0236,M06,5,1
INT-0236,M07,4,1
INT-0236,M08,3,1
INT-0236,M15,3,1
INT-0236,M14,3,0
INT-0237,M05,3,0
INT-0237,M09,3,0
INT-0237,M01,3,0
INT-0237,M06,4,1
INT-0237,M04,4,1
INT-0237,M02,5,0
INT-0237,M03,3,1
INT-0237,M14,3,1
INT-0238,M08,2,1
INT-0238,M03,4,1
INT-0238,M09,3,1
INT-0238,M01,3,1
INT-0238,M06,5,1
INT-0238,M02,4,1
INT-0238,M04,4,1
INT-0238,M14,2,1
INT-0238,M15,4,1
INT-0238,M10,3,0
INT-0238,M11,2,1
INT-0239,M02,4,1
INT-0239,M15,3,1
INT-0239,M10,2,1
INT-0239,M05,4,1
INT-0239,M08,4,1
INT-0240,M06,2,1
INT-0240,M10,3,0
INT-0240,M02,4,1
INT-0240,M01,4,1
INT-0240,M05,3,1
INT-0240,M04,4,1
INT-0240,M15,2,1
INT-0240,M13,3,1
INT-0240,M12,4,1
INT-0241,M15,3,1
INT-0241,M04,3,1
INT-0241,M07,4,1
INT-0241,M12,3,1
INT-0241,M03,3,1
INT-0241,M09,4,1
INT-0241,M08,4,1
INT-0242,M12,4,1
INT-0242,M03,4,1
INT-0242,M14,4,1
INT-0242,M02,5,1
INT-0242,M10,4,1
INT-0243,M15,3,0
INT-0243,M01,5,1
INT-0243,M13,5,1
INT-0243,M08,3,1
INT-0243,M03,4,1
INT-0243,M04,5,1
INT-0244,M13,3,0
INT-0244,M11,4,1
INT-0244,M10,4,1
INT-0244,M02,5,1
INT-0244,M01,5,1
INT-0244,M12,3,1
INT-0244,M14,4,1
INT-0244,M08,2,1
INT-0244,M15,3,1
INT-0245,M09,4,1
INT-0245,M04,3,1
INT-0245,M06,4,1
INT-0245,M10,5,1
INT-0245,M11,5,1
INT-0246,M08,4,1
INT-0246,M11,4,1
INT-0246,M01,3,0
INT-0246,M09,4,1
INT-0246,M15,5,1
INT-0246,M12,4,1
INT-0246,M05,4,0
INT-0246,M10,5,1
INT-0247,M02,4,1
INT-0247,M13,3,0
INT-0247,M14,3,0
INT-0247,M03,4,1
INT-0247,M05,5,1
INT-0247,M15,4,1
INT-0247,M11,5,1
INT-0248,M03,3,1
INT-0248,M02,4,1
INT-0248,M06,3,0
INT-0248,M14,3,1
INT-0248,M10,4,1
INT-0248,M11,5,1
INT-0248,M05,3,1
INT-0248,M13,3,1
INT-0248,M08,3,1
INT-0249,M03,5,1
INT-0249,M12,4,1
INT-0249,M02,4,1
INT-0249,M10,5,1
INT-0249,M04,4,1
INT-0249,M08,2,0
INT-0249,M13,3,1
INT-0250,M06,4,1
INT-0250,M13,4,1
INT-0250,M01,5,0
INT-0250,M10,4,1
INT-0250,M08,4,1
